Copyright 1986-2022 Xilinx, Inc. All Rights Reserved. Copyright 2022-2024 Advanced Micro Devices, Inc. All Rights Reserved.
--------------------------------------------------------------------------------------------------------------------------------------------------------------------------------------------------------------------------------------------
| Tool Version      : Vivado v.2024.2 (lin64) Build 5239630 Fri Nov 08 22:34:34 MST 2024
| Date              : Sun May 17 16:27:05 2026
| Host              : Joseph-PowerLabs running 64-bit Ubuntu 22.04.5 LTS
| Command           : report_timing_summary -max_paths 10 -report_unconstrained -file rgb_bd_wrapper_timing_summary_routed.rpt -pb rgb_bd_wrapper_timing_summary_routed.pb -rpx rgb_bd_wrapper_timing_summary_routed.rpx -warn_on_violation
| Design            : rgb_bd_wrapper
| Device            : xczu1cg-sbva484
| Speed File        : -1  PRODUCTION 1.30 03-25-2022
| Design State      : Routed
| Temperature Grade : E
--------------------------------------------------------------------------------------------------------------------------------------------------------------------------------------------------------------------------------------------

Timing Summary Report

------------------------------------------------------------------------------------------------
| Timer Settings
| --------------
------------------------------------------------------------------------------------------------

  Enable Multi Corner Analysis               :  Yes
  Enable Pessimism Removal                   :  Yes
  Pessimism Removal Resolution               :  Nearest Common Node
  Enable Input Delay Default Clock           :  No
  Enable Preset / Clear Arcs                 :  No
  Disable Flight Delays                      :  No
  Ignore I/O Paths                           :  No
  Timing Early Launch at Borrowing Latches   :  No
  Borrow Time for Max Delay Exceptions       :  Yes
  Merge Timing Exceptions                    :  Yes
  Inter-SLR Compensation                     :  Conservative

  Corner  Analyze    Analyze    
  Name    Max Paths  Min Paths  
  ------  ---------  ---------  
  Slow    Yes        Yes        
  Fast    Yes        Yes        


------------------------------------------------------------------------------------------------
| Report Methodology
| ------------------
------------------------------------------------------------------------------------------------

Rule       Severity  Description                    Violations  
---------  --------  -----------------------------  ----------  
TIMING-18  Warning   Missing input or output delay  6           

Note: This report is based on the most recent report_methodology run and may not be up-to-date. Run report_methodology on the current design for the latest report.



check_timing report

Table of Contents
-----------------
1. checking no_clock (0)
2. checking constant_clock (0)
3. checking pulse_width_clock (0)
4. checking unconstrained_internal_endpoints (0)
5. checking no_input_delay (0)
6. checking no_output_delay (6)
7. checking multiple_clock (0)
8. checking generated_clocks (0)
9. checking loops (0)
10. checking partial_input_delay (0)
11. checking partial_output_delay (0)
12. checking latch_loops (0)

1. checking no_clock (0)
------------------------
 There are 0 register/latch pins with no clock.


2. checking constant_clock (0)
------------------------------
 There are 0 register/latch pins with constant_clock.


3. checking pulse_width_clock (0)
---------------------------------
 There are 0 register/latch pins which need pulse_width check


4. checking unconstrained_internal_endpoints (0)
------------------------------------------------
 There are 0 pins that are not constrained for maximum delay.

 There are 0 pins that are not constrained for maximum delay due to constant clock.


5. checking no_input_delay (0)
------------------------------
 There are 0 input ports with no input delay specified.

 There are 0 input ports with no input delay but user has a false path constraint.


6. checking no_output_delay (6)
-------------------------------
 There are 6 ports with no output delay specified. (HIGH)

 There are 0 ports with no output delay but user has a false path constraint

 There are 0 ports with no output delay but with a timing clock defined on it or propagating through it


7. checking multiple_clock (0)
------------------------------
 There are 0 register/latch pins with multiple clocks.


8. checking generated_clocks (0)
--------------------------------
 There are 0 generated clocks that are not connected to a clock source.


9. checking loops (0)
---------------------
 There are 0 combinational loops in the design.


10. checking partial_input_delay (0)
------------------------------------
 There are 0 input ports with partial input delay specified.


11. checking partial_output_delay (0)
-------------------------------------
 There are 0 ports with partial output delay specified.


12. checking latch_loops (0)
----------------------------
 There are 0 combinational latch loops in the design through latch input



------------------------------------------------------------------------------------------------
| Design Timing Summary
| ---------------------
------------------------------------------------------------------------------------------------

    WNS(ns)      TNS(ns)  TNS Failing Endpoints  TNS Total Endpoints      WHS(ns)      THS(ns)  THS Failing Endpoints  THS Total Endpoints     WPWS(ns)     TPWS(ns)  TPWS Failing Endpoints  TPWS Total Endpoints  
    -------      -------  ---------------------  -------------------      -------      -------  ---------------------  -------------------     --------     --------  ----------------------  --------------------  
      6.820        0.000                      0                 1824        0.024        0.000                      0                 1824        3.500        0.000                       0                   728  


All user specified timing constraints are met.


------------------------------------------------------------------------------------------------
| Clock Summary
| -------------
------------------------------------------------------------------------------------------------

Clock     Waveform(ns)       Period(ns)      Frequency(MHz)
-----     ------------       ----------      --------------
clk_pl_0  {0.000 5.000}      10.000          100.000         


------------------------------------------------------------------------------------------------
| Intra Clock Table
| -----------------
------------------------------------------------------------------------------------------------

Clock             WNS(ns)      TNS(ns)  TNS Failing Endpoints  TNS Total Endpoints      WHS(ns)      THS(ns)  THS Failing Endpoints  THS Total Endpoints     WPWS(ns)     TPWS(ns)  TPWS Failing Endpoints  TPWS Total Endpoints  
-----             -------      -------  ---------------------  -------------------      -------      -------  ---------------------  -------------------     --------     --------  ----------------------  --------------------  
clk_pl_0            6.820        0.000                      0                 1824        0.024        0.000                      0                 1824        3.500        0.000                       0                   728  


------------------------------------------------------------------------------------------------
| Inter Clock Table
| -----------------
------------------------------------------------------------------------------------------------

From Clock    To Clock          WNS(ns)      TNS(ns)  TNS Failing Endpoints  TNS Total Endpoints      WHS(ns)      THS(ns)  THS Failing Endpoints  THS Total Endpoints  
----------    --------          -------      -------  ---------------------  -------------------      -------      -------  ---------------------  -------------------  


------------------------------------------------------------------------------------------------
| Other Path Groups Table
| -----------------------
------------------------------------------------------------------------------------------------

Path Group    From Clock    To Clock          WNS(ns)      TNS(ns)  TNS Failing Endpoints  TNS Total Endpoints      WHS(ns)      THS(ns)  THS Failing Endpoints  THS Total Endpoints  
----------    ----------    --------          -------      -------  ---------------------  -------------------      -------      -------  ---------------------  -------------------  


------------------------------------------------------------------------------------------------
| User Ignored Path Table
| -----------------------
------------------------------------------------------------------------------------------------

Path Group    From Clock    To Clock    
----------    ----------    --------    
(none)                      clk_pl_0      
(none)        clk_pl_0      clk_pl_0      


------------------------------------------------------------------------------------------------
| Unconstrained Path Table
| ------------------------
------------------------------------------------------------------------------------------------

Path Group    From Clock    To Clock    
----------    ----------    --------    
(none)        clk_pl_0                    


------------------------------------------------------------------------------------------------
| Timing Details
| --------------
------------------------------------------------------------------------------------------------


---------------------------------------------------------------------------------------------------
From Clock:  clk_pl_0
  To Clock:  clk_pl_0

Setup :            0  Failing Endpoints,  Worst Slack        6.820ns,  Total Violation        0.000ns
Hold  :            0  Failing Endpoints,  Worst Slack        0.024ns,  Total Violation        0.000ns
PW    :            0  Failing Endpoints,  Worst Slack        3.500ns,  Total Violation        0.000ns
---------------------------------------------------------------------------------------------------


Max Delay Paths
--------------------------------------------------------------------------------------
Slack (MET) :             6.820ns  (required time - arrival time)
  Source:                 rgb_bd_i/zynq_ultra_ps_e_0/inst/PS8_i/MAXIGP0ACLK
                            (rising edge-triggered cell PS8 clocked by clk_pl_0  {rise@0.000ns fall@5.000ns period=10.000ns})
  Destination:            <hidden>
                            (rising edge-triggered cell FDRE clocked by clk_pl_0  {rise@0.000ns fall@5.000ns period=10.000ns})
  Path Group:             clk_pl_0
  Path Type:              Setup (Max at Slow Process Corner)
  Requirement:            10.000ns  (clk_pl_0 rise@10.000ns - clk_pl_0 rise@0.000ns)
  Data Path Delay:        2.988ns  (logic 1.312ns (43.910%)  route 1.676ns (56.090%))
  Logic Levels:           5  (LUT2=1 LUT3=1 LUT4=1 LUT6=2)
  Clock Path Skew:        -0.043ns (DCD - SCD + CPR)
    Destination Clock Delay (DCD):    1.713ns = ( 11.713 - 10.000 ) 
    Source Clock Delay      (SCD):    1.920ns
    Clock Pessimism Removal (CPR):    0.164ns
  Clock Uncertainty:      0.176ns  ((TSJ^2 + DJ^2)^1/2) / 2 + PE
    Total System Jitter     (TSJ):    0.071ns
    Discrete Jitter          (DJ):    0.344ns
    Phase Error              (PE):    0.000ns
  Clock Net Delay (Source):      1.713ns (routing 0.846ns, distribution 0.867ns)
  Clock Net Delay (Destination): 1.546ns (routing 0.765ns, distribution 0.781ns)

    Location             Delay type                Incr(ns)  Path(ns)    Netlist Resource(s)
  -------------------------------------------------------------------    -------------------
                         (clock clk_pl_0 rise edge)
                                                      0.000     0.000 r  
    PS8_X0Y0             PS8                          0.000     0.000 r  rgb_bd_i/zynq_ultra_ps_e_0/inst/PS8_i/PLCLK[0]
                         net (fo=1, routed)           0.178     0.178    rgb_bd_i/zynq_ultra_ps_e_0/inst/pl_clk_unbuffered[0]
    BUFG_PS_X0Y58        BUFG_PS (Prop_BUFG_PS_I_O)
                                                      0.029     0.207 r  rgb_bd_i/zynq_ultra_ps_e_0/inst/buffer_pl_clk_0.PL_CLK_0_BUFG/O
    X0Y0 (CLOCK_ROOT)    net (fo=728, routed)         1.713     1.920    rgb_bd_i/zynq_ultra_ps_e_0/inst/maxihpm0_fpd_aclk
    PS8_X0Y0             PS8                                          r  rgb_bd_i/zynq_ultra_ps_e_0/inst/PS8_i/MAXIGP0ACLK
  -------------------------------------------------------------------    -------------------
    PS8_X0Y0             PS8 (Prop_PS8_MAXIGP0ACLK_MAXIGP0WSTRB[10])
                                                      0.559     2.479 r  rgb_bd_i/zynq_ultra_ps_e_0/inst/PS8_i/MAXIGP0WSTRB[10]
                         net (fo=1, routed)           0.487     2.966    <hidden>
    SLICE_X1Y39          LUT6 (Prop_G6LUT_SLICEM_I1_O)
                                                      0.179     3.145 r  <hidden>
                         net (fo=1, routed)           0.287     3.432    <hidden>
    SLICE_X1Y39          LUT4 (Prop_E6LUT_SLICEM_I3_O)
                                                      0.148     3.580 f  <hidden>
                         net (fo=7, routed)           0.441     4.021    <hidden>
    SLICE_X5Y38          LUT2 (Prop_D5LUT_SLICEM_I0_O)
                                                      0.136     4.157 f  <hidden>
                         net (fo=4, routed)           0.210     4.367    <hidden>
    SLICE_X6Y39          LUT3 (Prop_D6LUT_SLICEL_I2_O)
                                                      0.116     4.483 r  <hidden>
                         net (fo=2, routed)           0.174     4.657    <hidden>
    SLICE_X5Y40          LUT6 (Prop_C6LUT_SLICEM_I0_O)
                                                      0.174     4.831 r  <hidden>
                         net (fo=1, routed)           0.077     4.908    <hidden>
    SLICE_X5Y40          FDRE                                         r  <hidden>
  -------------------------------------------------------------------    -------------------

                         (clock clk_pl_0 rise edge)
                                                     10.000    10.000 r  
    PS8_X0Y0             PS8                          0.000    10.000 r  rgb_bd_i/zynq_ultra_ps_e_0/inst/PS8_i/PLCLK[0]
                         net (fo=1, routed)           0.140    10.140    rgb_bd_i/zynq_ultra_ps_e_0/inst/pl_clk_unbuffered[0]
    BUFG_PS_X0Y58        BUFG_PS (Prop_BUFG_PS_I_O)
                                                      0.027    10.167 r  rgb_bd_i/zynq_ultra_ps_e_0/inst/buffer_pl_clk_0.PL_CLK_0_BUFG/O
    X0Y0 (CLOCK_ROOT)    net (fo=728, routed)         1.546    11.713    <hidden>
    SLICE_X5Y40          FDRE                                         r  <hidden>
                         clock pessimism              0.164    11.877    
                         clock uncertainty           -0.176    11.701    
    SLICE_X5Y40          FDRE (Setup_CFF_SLICEM_C_D)
                                                      0.027    11.728    <hidden>
  -------------------------------------------------------------------
                         required time                         11.728    
                         arrival time                          -4.908    
  -------------------------------------------------------------------
                         slack                                  6.820    

Slack (MET) :             6.830ns  (required time - arrival time)
  Source:                 rgb_bd_i/zynq_ultra_ps_e_0/inst/PS8_i/MAXIGP0ACLK
                            (rising edge-triggered cell PS8 clocked by clk_pl_0  {rise@0.000ns fall@5.000ns period=10.000ns})
  Destination:            <hidden>
                            (rising edge-triggered cell FDRE clocked by clk_pl_0  {rise@0.000ns fall@5.000ns period=10.000ns})
  Path Group:             clk_pl_0
  Path Type:              Setup (Max at Slow Process Corner)
  Requirement:            10.000ns  (clk_pl_0 rise@10.000ns - clk_pl_0 rise@0.000ns)
  Data Path Delay:        2.893ns  (logic 1.097ns (37.919%)  route 1.796ns (62.081%))
  Logic Levels:           5  (LUT4=1 LUT5=1 LUT6=3)
  Clock Path Skew:        -0.058ns (DCD - SCD + CPR)
    Destination Clock Delay (DCD):    1.698ns = ( 11.698 - 10.000 ) 
    Source Clock Delay      (SCD):    1.920ns
    Clock Pessimism Removal (CPR):    0.164ns
  Clock Uncertainty:      0.176ns  ((TSJ^2 + DJ^2)^1/2) / 2 + PE
    Total System Jitter     (TSJ):    0.071ns
    Discrete Jitter          (DJ):    0.344ns
    Phase Error              (PE):    0.000ns
  Clock Net Delay (Source):      1.713ns (routing 0.846ns, distribution 0.867ns)
  Clock Net Delay (Destination): 1.531ns (routing 0.765ns, distribution 0.766ns)

    Location             Delay type                Incr(ns)  Path(ns)    Netlist Resource(s)
  -------------------------------------------------------------------    -------------------
                         (clock clk_pl_0 rise edge)
                                                      0.000     0.000 r  
    PS8_X0Y0             PS8                          0.000     0.000 r  rgb_bd_i/zynq_ultra_ps_e_0/inst/PS8_i/PLCLK[0]
                         net (fo=1, routed)           0.178     0.178    rgb_bd_i/zynq_ultra_ps_e_0/inst/pl_clk_unbuffered[0]
    BUFG_PS_X0Y58        BUFG_PS (Prop_BUFG_PS_I_O)
                                                      0.029     0.207 r  rgb_bd_i/zynq_ultra_ps_e_0/inst/buffer_pl_clk_0.PL_CLK_0_BUFG/O
    X0Y0 (CLOCK_ROOT)    net (fo=728, routed)         1.713     1.920    rgb_bd_i/zynq_ultra_ps_e_0/inst/maxihpm0_fpd_aclk
    PS8_X0Y0             PS8                                          r  rgb_bd_i/zynq_ultra_ps_e_0/inst/PS8_i/MAXIGP0ACLK
  -------------------------------------------------------------------    -------------------
    PS8_X0Y0             PS8 (Prop_PS8_MAXIGP0ACLK_MAXIGP0WSTRB[10])
                                                      0.559     2.479 r  rgb_bd_i/zynq_ultra_ps_e_0/inst/PS8_i/MAXIGP0WSTRB[10]
                         net (fo=1, routed)           0.487     2.966    <hidden>
    SLICE_X1Y39          LUT6 (Prop_G6LUT_SLICEM_I1_O)
                                                      0.179     3.145 r  <hidden>
                         net (fo=1, routed)           0.287     3.432    <hidden>
    SLICE_X1Y39          LUT4 (Prop_E6LUT_SLICEM_I3_O)
                                                      0.148     3.580 f  <hidden>
                         net (fo=7, routed)           0.318     3.898    <hidden>
    SLICE_X5Y37          LUT5 (Prop_C5LUT_SLICEM_I4_O)
                                                      0.084     3.982 r  <hidden>
                         net (fo=1, routed)           0.225     4.207    <hidden>
    SLICE_X3Y37          LUT6 (Prop_G6LUT_SLICEL_I5_O)
                                                      0.063     4.270 r  <hidden>
                         net (fo=1, routed)           0.051     4.321    <hidden>
    SLICE_X3Y37          LUT6 (Prop_H6LUT_SLICEL_I5_O)
                                                      0.064     4.385 r  <hidden>
                         net (fo=3, routed)           0.428     4.813    <hidden>
    SLICE_X5Y36          FDRE                                         r  <hidden>
  -------------------------------------------------------------------    -------------------

                         (clock clk_pl_0 rise edge)
                                                     10.000    10.000 r  
    PS8_X0Y0             PS8                          0.000    10.000 r  rgb_bd_i/zynq_ultra_ps_e_0/inst/PS8_i/PLCLK[0]
                         net (fo=1, routed)           0.140    10.140    rgb_bd_i/zynq_ultra_ps_e_0/inst/pl_clk_unbuffered[0]
    BUFG_PS_X0Y58        BUFG_PS (Prop_BUFG_PS_I_O)
                                                      0.027    10.167 r  rgb_bd_i/zynq_ultra_ps_e_0/inst/buffer_pl_clk_0.PL_CLK_0_BUFG/O
    X0Y0 (CLOCK_ROOT)    net (fo=728, routed)         1.531    11.698    <hidden>
    SLICE_X5Y36          FDRE                                         r  <hidden>
                         clock pessimism              0.164    11.862    
                         clock uncertainty           -0.176    11.686    
    SLICE_X5Y36          FDRE (Setup_HFF2_SLICEM_C_CE)
                                                     -0.043    11.643    <hidden>
  -------------------------------------------------------------------
                         required time                         11.643    
                         arrival time                          -4.813    
  -------------------------------------------------------------------
                         slack                                  6.830    

Slack (MET) :             6.848ns  (required time - arrival time)
  Source:                 rgb_bd_i/zynq_ultra_ps_e_0/inst/PS8_i/MAXIGP0ACLK
                            (rising edge-triggered cell PS8 clocked by clk_pl_0  {rise@0.000ns fall@5.000ns period=10.000ns})
  Destination:            <hidden>
                            (rising edge-triggered cell FDRE clocked by clk_pl_0  {rise@0.000ns fall@5.000ns period=10.000ns})
  Path Group:             clk_pl_0
  Path Type:              Setup (Max at Slow Process Corner)
  Requirement:            10.000ns  (clk_pl_0 rise@10.000ns - clk_pl_0 rise@0.000ns)
  Data Path Delay:        2.950ns  (logic 1.272ns (43.126%)  route 1.678ns (56.874%))
  Logic Levels:           5  (LUT2=1 LUT4=1 LUT6=3)
  Clock Path Skew:        -0.054ns (DCD - SCD + CPR)
    Destination Clock Delay (DCD):    1.702ns = ( 11.702 - 10.000 ) 
    Source Clock Delay      (SCD):    1.920ns
    Clock Pessimism Removal (CPR):    0.164ns
  Clock Uncertainty:      0.176ns  ((TSJ^2 + DJ^2)^1/2) / 2 + PE
    Total System Jitter     (TSJ):    0.071ns
    Discrete Jitter          (DJ):    0.344ns
    Phase Error              (PE):    0.000ns
  Clock Net Delay (Source):      1.713ns (routing 0.846ns, distribution 0.867ns)
  Clock Net Delay (Destination): 1.535ns (routing 0.765ns, distribution 0.770ns)

    Location             Delay type                Incr(ns)  Path(ns)    Netlist Resource(s)
  -------------------------------------------------------------------    -------------------
                         (clock clk_pl_0 rise edge)
                                                      0.000     0.000 r  
    PS8_X0Y0             PS8                          0.000     0.000 r  rgb_bd_i/zynq_ultra_ps_e_0/inst/PS8_i/PLCLK[0]
                         net (fo=1, routed)           0.178     0.178    rgb_bd_i/zynq_ultra_ps_e_0/inst/pl_clk_unbuffered[0]
    BUFG_PS_X0Y58        BUFG_PS (Prop_BUFG_PS_I_O)
                                                      0.029     0.207 r  rgb_bd_i/zynq_ultra_ps_e_0/inst/buffer_pl_clk_0.PL_CLK_0_BUFG/O
    X0Y0 (CLOCK_ROOT)    net (fo=728, routed)         1.713     1.920    rgb_bd_i/zynq_ultra_ps_e_0/inst/maxihpm0_fpd_aclk
    PS8_X0Y0             PS8                                          r  rgb_bd_i/zynq_ultra_ps_e_0/inst/PS8_i/MAXIGP0ACLK
  -------------------------------------------------------------------    -------------------
    PS8_X0Y0             PS8 (Prop_PS8_MAXIGP0ACLK_MAXIGP0WSTRB[10])
                                                      0.559     2.479 f  rgb_bd_i/zynq_ultra_ps_e_0/inst/PS8_i/MAXIGP0WSTRB[10]
                         net (fo=1, routed)           0.487     2.966    <hidden>
    SLICE_X1Y39          LUT6 (Prop_G6LUT_SLICEM_I1_O)
                                                      0.179     3.145 f  <hidden>
                         net (fo=1, routed)           0.287     3.432    <hidden>
    SLICE_X1Y39          LUT4 (Prop_E6LUT_SLICEM_I3_O)
                                                      0.148     3.580 r  <hidden>
                         net (fo=7, routed)           0.441     4.021    <hidden>
    SLICE_X5Y38          LUT2 (Prop_D5LUT_SLICEM_I0_O)
                                                      0.136     4.157 r  <hidden>
                         net (fo=4, routed)           0.261     4.418    <hidden>
    SLICE_X5Y38          LUT6 (Prop_G6LUT_SLICEM_I3_O)
                                                      0.100     4.518 r  <hidden>
                         net (fo=1, routed)           0.132     4.650    <hidden>
    SLICE_X4Y38          LUT6 (Prop_B6LUT_SLICEM_I4_O)
                                                      0.150     4.800 r  <hidden>
                         net (fo=1, routed)           0.070     4.870    <hidden>
    SLICE_X4Y38          FDRE                                         r  <hidden>
  -------------------------------------------------------------------    -------------------

                         (clock clk_pl_0 rise edge)
                                                     10.000    10.000 r  
    PS8_X0Y0             PS8                          0.000    10.000 r  rgb_bd_i/zynq_ultra_ps_e_0/inst/PS8_i/PLCLK[0]
                         net (fo=1, routed)           0.140    10.140    rgb_bd_i/zynq_ultra_ps_e_0/inst/pl_clk_unbuffered[0]
    BUFG_PS_X0Y58        BUFG_PS (Prop_BUFG_PS_I_O)
                                                      0.027    10.167 r  rgb_bd_i/zynq_ultra_ps_e_0/inst/buffer_pl_clk_0.PL_CLK_0_BUFG/O
    X0Y0 (CLOCK_ROOT)    net (fo=728, routed)         1.535    11.702    <hidden>
    SLICE_X4Y38          FDRE                                         r  <hidden>
                         clock pessimism              0.164    11.866    
                         clock uncertainty           -0.176    11.690    
    SLICE_X4Y38          FDRE (Setup_BFF_SLICEM_C_D)
                                                      0.027    11.717    <hidden>
  -------------------------------------------------------------------
                         required time                         11.717    
                         arrival time                          -4.870    
  -------------------------------------------------------------------
                         slack                                  6.848    

Slack (MET) :             6.908ns  (required time - arrival time)
  Source:                 rgb_bd_i/zynq_ultra_ps_e_0/inst/PS8_i/MAXIGP0ACLK
                            (rising edge-triggered cell PS8 clocked by clk_pl_0  {rise@0.000ns fall@5.000ns period=10.000ns})
  Destination:            <hidden>
                            (rising edge-triggered cell FDRE clocked by clk_pl_0  {rise@0.000ns fall@5.000ns period=10.000ns})
  Path Group:             clk_pl_0
  Path Type:              Setup (Max at Slow Process Corner)
  Requirement:            10.000ns  (clk_pl_0 rise@10.000ns - clk_pl_0 rise@0.000ns)
  Data Path Delay:        2.900ns  (logic 1.236ns (42.622%)  route 1.664ns (57.378%))
  Logic Levels:           5  (LUT2=1 LUT3=1 LUT4=1 LUT6=2)
  Clock Path Skew:        -0.043ns (DCD - SCD + CPR)
    Destination Clock Delay (DCD):    1.713ns = ( 11.713 - 10.000 ) 
    Source Clock Delay      (SCD):    1.920ns
    Clock Pessimism Removal (CPR):    0.164ns
  Clock Uncertainty:      0.176ns  ((TSJ^2 + DJ^2)^1/2) / 2 + PE
    Total System Jitter     (TSJ):    0.071ns
    Discrete Jitter          (DJ):    0.344ns
    Phase Error              (PE):    0.000ns
  Clock Net Delay (Source):      1.713ns (routing 0.846ns, distribution 0.867ns)
  Clock Net Delay (Destination): 1.546ns (routing 0.765ns, distribution 0.781ns)

    Location             Delay type                Incr(ns)  Path(ns)    Netlist Resource(s)
  -------------------------------------------------------------------    -------------------
                         (clock clk_pl_0 rise edge)
                                                      0.000     0.000 r  
    PS8_X0Y0             PS8                          0.000     0.000 r  rgb_bd_i/zynq_ultra_ps_e_0/inst/PS8_i/PLCLK[0]
                         net (fo=1, routed)           0.178     0.178    rgb_bd_i/zynq_ultra_ps_e_0/inst/pl_clk_unbuffered[0]
    BUFG_PS_X0Y58        BUFG_PS (Prop_BUFG_PS_I_O)
                                                      0.029     0.207 r  rgb_bd_i/zynq_ultra_ps_e_0/inst/buffer_pl_clk_0.PL_CLK_0_BUFG/O
    X0Y0 (CLOCK_ROOT)    net (fo=728, routed)         1.713     1.920    rgb_bd_i/zynq_ultra_ps_e_0/inst/maxihpm0_fpd_aclk
    PS8_X0Y0             PS8                                          r  rgb_bd_i/zynq_ultra_ps_e_0/inst/PS8_i/MAXIGP0ACLK
  -------------------------------------------------------------------    -------------------
    PS8_X0Y0             PS8 (Prop_PS8_MAXIGP0ACLK_MAXIGP0WSTRB[10])
                                                      0.559     2.479 r  rgb_bd_i/zynq_ultra_ps_e_0/inst/PS8_i/MAXIGP0WSTRB[10]
                         net (fo=1, routed)           0.487     2.966    <hidden>
    SLICE_X1Y39          LUT6 (Prop_G6LUT_SLICEM_I1_O)
                                                      0.179     3.145 r  <hidden>
                         net (fo=1, routed)           0.287     3.432    <hidden>
    SLICE_X1Y39          LUT4 (Prop_E6LUT_SLICEM_I3_O)
                                                      0.148     3.580 f  <hidden>
                         net (fo=7, routed)           0.441     4.021    <hidden>
    SLICE_X5Y38          LUT2 (Prop_D5LUT_SLICEM_I0_O)
                                                      0.136     4.157 f  <hidden>
                         net (fo=4, routed)           0.210     4.367    <hidden>
    SLICE_X6Y39          LUT3 (Prop_D6LUT_SLICEL_I2_O)
                                                      0.116     4.483 r  <hidden>
                         net (fo=2, routed)           0.157     4.640    <hidden>
    SLICE_X5Y40          LUT6 (Prop_D6LUT_SLICEM_I0_O)
                                                      0.098     4.738 r  <hidden>
                         net (fo=1, routed)           0.082     4.820    <hidden>
    SLICE_X5Y40          FDRE                                         r  <hidden>
  -------------------------------------------------------------------    -------------------

                         (clock clk_pl_0 rise edge)
                                                     10.000    10.000 r  
    PS8_X0Y0             PS8                          0.000    10.000 r  rgb_bd_i/zynq_ultra_ps_e_0/inst/PS8_i/PLCLK[0]
                         net (fo=1, routed)           0.140    10.140    rgb_bd_i/zynq_ultra_ps_e_0/inst/pl_clk_unbuffered[0]
    BUFG_PS_X0Y58        BUFG_PS (Prop_BUFG_PS_I_O)
                                                      0.027    10.167 r  rgb_bd_i/zynq_ultra_ps_e_0/inst/buffer_pl_clk_0.PL_CLK_0_BUFG/O
    X0Y0 (CLOCK_ROOT)    net (fo=728, routed)         1.546    11.713    <hidden>
    SLICE_X5Y40          FDRE                                         r  <hidden>
                         clock pessimism              0.164    11.877    
                         clock uncertainty           -0.176    11.701    
    SLICE_X5Y40          FDRE (Setup_DFF_SLICEM_C_D)
                                                      0.027    11.728    <hidden>
  -------------------------------------------------------------------
                         required time                         11.728    
                         arrival time                          -4.820    
  -------------------------------------------------------------------
                         slack                                  6.908    

Slack (MET) :             6.936ns  (required time - arrival time)
  Source:                 rgb_bd_i/zynq_ultra_ps_e_0/inst/PS8_i/MAXIGP0ACLK
                            (rising edge-triggered cell PS8 clocked by clk_pl_0  {rise@0.000ns fall@5.000ns period=10.000ns})
  Destination:            <hidden>
                            (rising edge-triggered cell FDRE clocked by clk_pl_0  {rise@0.000ns fall@5.000ns period=10.000ns})
  Path Group:             clk_pl_0
  Path Type:              Setup (Max at Slow Process Corner)
  Requirement:            10.000ns  (clk_pl_0 rise@10.000ns - clk_pl_0 rise@0.000ns)
  Data Path Delay:        2.784ns  (logic 1.102ns (39.590%)  route 1.682ns (60.410%))
  Logic Levels:           4  (LUT3=1 LUT4=1 LUT6=2)
  Clock Path Skew:        -0.063ns (DCD - SCD + CPR)
    Destination Clock Delay (DCD):    1.693ns = ( 11.693 - 10.000 ) 
    Source Clock Delay      (SCD):    1.920ns
    Clock Pessimism Removal (CPR):    0.164ns
  Clock Uncertainty:      0.176ns  ((TSJ^2 + DJ^2)^1/2) / 2 + PE
    Total System Jitter     (TSJ):    0.071ns
    Discrete Jitter          (DJ):    0.344ns
    Phase Error              (PE):    0.000ns
  Clock Net Delay (Source):      1.713ns (routing 0.846ns, distribution 0.867ns)
  Clock Net Delay (Destination): 1.526ns (routing 0.765ns, distribution 0.761ns)

    Location             Delay type                Incr(ns)  Path(ns)    Netlist Resource(s)
  -------------------------------------------------------------------    -------------------
                         (clock clk_pl_0 rise edge)
                                                      0.000     0.000 r  
    PS8_X0Y0             PS8                          0.000     0.000 r  rgb_bd_i/zynq_ultra_ps_e_0/inst/PS8_i/PLCLK[0]
                         net (fo=1, routed)           0.178     0.178    rgb_bd_i/zynq_ultra_ps_e_0/inst/pl_clk_unbuffered[0]
    BUFG_PS_X0Y58        BUFG_PS (Prop_BUFG_PS_I_O)
                                                      0.029     0.207 r  rgb_bd_i/zynq_ultra_ps_e_0/inst/buffer_pl_clk_0.PL_CLK_0_BUFG/O
    X0Y0 (CLOCK_ROOT)    net (fo=728, routed)         1.713     1.920    rgb_bd_i/zynq_ultra_ps_e_0/inst/maxihpm0_fpd_aclk
    PS8_X0Y0             PS8                                          r  rgb_bd_i/zynq_ultra_ps_e_0/inst/PS8_i/MAXIGP0ACLK
  -------------------------------------------------------------------    -------------------
    PS8_X0Y0             PS8 (Prop_PS8_MAXIGP0ACLK_MAXIGP0WSTRB[10])
                                                      0.559     2.479 f  rgb_bd_i/zynq_ultra_ps_e_0/inst/PS8_i/MAXIGP0WSTRB[10]
                         net (fo=1, routed)           0.487     2.966    <hidden>
    SLICE_X1Y39          LUT6 (Prop_G6LUT_SLICEM_I1_O)
                                                      0.179     3.145 f  <hidden>
                         net (fo=1, routed)           0.287     3.432    <hidden>
    SLICE_X1Y39          LUT4 (Prop_E6LUT_SLICEM_I3_O)
                                                      0.148     3.580 r  <hidden>
                         net (fo=7, routed)           0.318     3.898    <hidden>
    SLICE_X4Y38          LUT6 (Prop_F6LUT_SLICEM_I1_O)
                                                      0.177     4.075 r  <hidden>
                         net (fo=5, routed)           0.170     4.245    <hidden>
    SLICE_X5Y37          LUT3 (Prop_E6LUT_SLICEM_I2_O)
                                                      0.039     4.284 r  <hidden>
                         net (fo=9, routed)           0.419     4.704    <hidden>
    SLICE_X3Y38          FDRE                                         r  <hidden>
  -------------------------------------------------------------------    -------------------

                         (clock clk_pl_0 rise edge)
                                                     10.000    10.000 r  
    PS8_X0Y0             PS8                          0.000    10.000 r  rgb_bd_i/zynq_ultra_ps_e_0/inst/PS8_i/PLCLK[0]
                         net (fo=1, routed)           0.140    10.140    rgb_bd_i/zynq_ultra_ps_e_0/inst/pl_clk_unbuffered[0]
    BUFG_PS_X0Y58        BUFG_PS (Prop_BUFG_PS_I_O)
                                                      0.027    10.167 r  rgb_bd_i/zynq_ultra_ps_e_0/inst/buffer_pl_clk_0.PL_CLK_0_BUFG/O
    X0Y0 (CLOCK_ROOT)    net (fo=728, routed)         1.526    11.693    <hidden>
    SLICE_X3Y38          FDRE                                         r  <hidden>
                         clock pessimism              0.164    11.857    
                         clock uncertainty           -0.176    11.681    
    SLICE_X3Y38          FDRE (Setup_CFF_SLICEL_C_CE)
                                                     -0.042    11.639    <hidden>
  -------------------------------------------------------------------
                         required time                         11.639    
                         arrival time                          -4.704    
  -------------------------------------------------------------------
                         slack                                  6.936    

Slack (MET) :             6.936ns  (required time - arrival time)
  Source:                 rgb_bd_i/zynq_ultra_ps_e_0/inst/PS8_i/MAXIGP0ACLK
                            (rising edge-triggered cell PS8 clocked by clk_pl_0  {rise@0.000ns fall@5.000ns period=10.000ns})
  Destination:            <hidden>
                            (rising edge-triggered cell FDRE clocked by clk_pl_0  {rise@0.000ns fall@5.000ns period=10.000ns})
  Path Group:             clk_pl_0
  Path Type:              Setup (Max at Slow Process Corner)
  Requirement:            10.000ns  (clk_pl_0 rise@10.000ns - clk_pl_0 rise@0.000ns)
  Data Path Delay:        2.784ns  (logic 1.102ns (39.590%)  route 1.682ns (60.410%))
  Logic Levels:           4  (LUT3=1 LUT4=1 LUT6=2)
  Clock Path Skew:        -0.063ns (DCD - SCD + CPR)
    Destination Clock Delay (DCD):    1.693ns = ( 11.693 - 10.000 ) 
    Source Clock Delay      (SCD):    1.920ns
    Clock Pessimism Removal (CPR):    0.164ns
  Clock Uncertainty:      0.176ns  ((TSJ^2 + DJ^2)^1/2) / 2 + PE
    Total System Jitter     (TSJ):    0.071ns
    Discrete Jitter          (DJ):    0.344ns
    Phase Error              (PE):    0.000ns
  Clock Net Delay (Source):      1.713ns (routing 0.846ns, distribution 0.867ns)
  Clock Net Delay (Destination): 1.526ns (routing 0.765ns, distribution 0.761ns)

    Location             Delay type                Incr(ns)  Path(ns)    Netlist Resource(s)
  -------------------------------------------------------------------    -------------------
                         (clock clk_pl_0 rise edge)
                                                      0.000     0.000 r  
    PS8_X0Y0             PS8                          0.000     0.000 r  rgb_bd_i/zynq_ultra_ps_e_0/inst/PS8_i/PLCLK[0]
                         net (fo=1, routed)           0.178     0.178    rgb_bd_i/zynq_ultra_ps_e_0/inst/pl_clk_unbuffered[0]
    BUFG_PS_X0Y58        BUFG_PS (Prop_BUFG_PS_I_O)
                                                      0.029     0.207 r  rgb_bd_i/zynq_ultra_ps_e_0/inst/buffer_pl_clk_0.PL_CLK_0_BUFG/O
    X0Y0 (CLOCK_ROOT)    net (fo=728, routed)         1.713     1.920    rgb_bd_i/zynq_ultra_ps_e_0/inst/maxihpm0_fpd_aclk
    PS8_X0Y0             PS8                                          r  rgb_bd_i/zynq_ultra_ps_e_0/inst/PS8_i/MAXIGP0ACLK
  -------------------------------------------------------------------    -------------------
    PS8_X0Y0             PS8 (Prop_PS8_MAXIGP0ACLK_MAXIGP0WSTRB[10])
                                                      0.559     2.479 f  rgb_bd_i/zynq_ultra_ps_e_0/inst/PS8_i/MAXIGP0WSTRB[10]
                         net (fo=1, routed)           0.487     2.966    <hidden>
    SLICE_X1Y39          LUT6 (Prop_G6LUT_SLICEM_I1_O)
                                                      0.179     3.145 f  <hidden>
                         net (fo=1, routed)           0.287     3.432    <hidden>
    SLICE_X1Y39          LUT4 (Prop_E6LUT_SLICEM_I3_O)
                                                      0.148     3.580 r  <hidden>
                         net (fo=7, routed)           0.318     3.898    <hidden>
    SLICE_X4Y38          LUT6 (Prop_F6LUT_SLICEM_I1_O)
                                                      0.177     4.075 r  <hidden>
                         net (fo=5, routed)           0.170     4.245    <hidden>
    SLICE_X5Y37          LUT3 (Prop_E6LUT_SLICEM_I2_O)
                                                      0.039     4.284 r  <hidden>
                         net (fo=9, routed)           0.419     4.704    <hidden>
    SLICE_X3Y38          FDRE                                         r  <hidden>
  -------------------------------------------------------------------    -------------------

                         (clock clk_pl_0 rise edge)
                                                     10.000    10.000 r  
    PS8_X0Y0             PS8                          0.000    10.000 r  rgb_bd_i/zynq_ultra_ps_e_0/inst/PS8_i/PLCLK[0]
                         net (fo=1, routed)           0.140    10.140    rgb_bd_i/zynq_ultra_ps_e_0/inst/pl_clk_unbuffered[0]
    BUFG_PS_X0Y58        BUFG_PS (Prop_BUFG_PS_I_O)
                                                      0.027    10.167 r  rgb_bd_i/zynq_ultra_ps_e_0/inst/buffer_pl_clk_0.PL_CLK_0_BUFG/O
    X0Y0 (CLOCK_ROOT)    net (fo=728, routed)         1.526    11.693    <hidden>
    SLICE_X3Y38          FDRE                                         r  <hidden>
                         clock pessimism              0.164    11.857    
                         clock uncertainty           -0.176    11.681    
    SLICE_X3Y38          FDRE (Setup_DFF_SLICEL_C_CE)
                                                     -0.042    11.639    <hidden>
  -------------------------------------------------------------------
                         required time                         11.639    
                         arrival time                          -4.704    
  -------------------------------------------------------------------
                         slack                                  6.936    

Slack (MET) :             6.944ns  (required time - arrival time)
  Source:                 rgb_bd_i/zynq_ultra_ps_e_0/inst/PS8_i/MAXIGP0ACLK
                            (rising edge-triggered cell PS8 clocked by clk_pl_0  {rise@0.000ns fall@5.000ns period=10.000ns})
  Destination:            <hidden>
                            (rising edge-triggered cell FDRE clocked by clk_pl_0  {rise@0.000ns fall@5.000ns period=10.000ns})
  Path Group:             clk_pl_0
  Path Type:              Setup (Max at Slow Process Corner)
  Requirement:            10.000ns  (clk_pl_0 rise@10.000ns - clk_pl_0 rise@0.000ns)
  Data Path Delay:        2.779ns  (logic 1.097ns (39.474%)  route 1.682ns (60.526%))
  Logic Levels:           5  (LUT4=1 LUT5=1 LUT6=3)
  Clock Path Skew:        -0.058ns (DCD - SCD + CPR)
    Destination Clock Delay (DCD):    1.698ns = ( 11.698 - 10.000 ) 
    Source Clock Delay      (SCD):    1.920ns
    Clock Pessimism Removal (CPR):    0.164ns
  Clock Uncertainty:      0.176ns  ((TSJ^2 + DJ^2)^1/2) / 2 + PE
    Total System Jitter     (TSJ):    0.071ns
    Discrete Jitter          (DJ):    0.344ns
    Phase Error              (PE):    0.000ns
  Clock Net Delay (Source):      1.713ns (routing 0.846ns, distribution 0.867ns)
  Clock Net Delay (Destination): 1.531ns (routing 0.765ns, distribution 0.766ns)

    Location             Delay type                Incr(ns)  Path(ns)    Netlist Resource(s)
  -------------------------------------------------------------------    -------------------
                         (clock clk_pl_0 rise edge)
                                                      0.000     0.000 r  
    PS8_X0Y0             PS8                          0.000     0.000 r  rgb_bd_i/zynq_ultra_ps_e_0/inst/PS8_i/PLCLK[0]
                         net (fo=1, routed)           0.178     0.178    rgb_bd_i/zynq_ultra_ps_e_0/inst/pl_clk_unbuffered[0]
    BUFG_PS_X0Y58        BUFG_PS (Prop_BUFG_PS_I_O)
                                                      0.029     0.207 r  rgb_bd_i/zynq_ultra_ps_e_0/inst/buffer_pl_clk_0.PL_CLK_0_BUFG/O
    X0Y0 (CLOCK_ROOT)    net (fo=728, routed)         1.713     1.920    rgb_bd_i/zynq_ultra_ps_e_0/inst/maxihpm0_fpd_aclk
    PS8_X0Y0             PS8                                          r  rgb_bd_i/zynq_ultra_ps_e_0/inst/PS8_i/MAXIGP0ACLK
  -------------------------------------------------------------------    -------------------
    PS8_X0Y0             PS8 (Prop_PS8_MAXIGP0ACLK_MAXIGP0WSTRB[10])
                                                      0.559     2.479 r  rgb_bd_i/zynq_ultra_ps_e_0/inst/PS8_i/MAXIGP0WSTRB[10]
                         net (fo=1, routed)           0.487     2.966    <hidden>
    SLICE_X1Y39          LUT6 (Prop_G6LUT_SLICEM_I1_O)
                                                      0.179     3.145 r  <hidden>
                         net (fo=1, routed)           0.287     3.432    <hidden>
    SLICE_X1Y39          LUT4 (Prop_E6LUT_SLICEM_I3_O)
                                                      0.148     3.580 f  <hidden>
                         net (fo=7, routed)           0.318     3.898    <hidden>
    SLICE_X5Y37          LUT5 (Prop_C5LUT_SLICEM_I4_O)
                                                      0.084     3.982 r  <hidden>
                         net (fo=1, routed)           0.225     4.207    <hidden>
    SLICE_X3Y37          LUT6 (Prop_G6LUT_SLICEL_I5_O)
                                                      0.063     4.270 r  <hidden>
                         net (fo=1, routed)           0.051     4.321    <hidden>
    SLICE_X3Y37          LUT6 (Prop_H6LUT_SLICEL_I5_O)
                                                      0.064     4.385 r  <hidden>
                         net (fo=3, routed)           0.314     4.699    <hidden>
    SLICE_X5Y36          FDRE                                         r  <hidden>
  -------------------------------------------------------------------    -------------------

                         (clock clk_pl_0 rise edge)
                                                     10.000    10.000 r  
    PS8_X0Y0             PS8                          0.000    10.000 r  rgb_bd_i/zynq_ultra_ps_e_0/inst/PS8_i/PLCLK[0]
                         net (fo=1, routed)           0.140    10.140    rgb_bd_i/zynq_ultra_ps_e_0/inst/pl_clk_unbuffered[0]
    BUFG_PS_X0Y58        BUFG_PS (Prop_BUFG_PS_I_O)
                                                      0.027    10.167 r  rgb_bd_i/zynq_ultra_ps_e_0/inst/buffer_pl_clk_0.PL_CLK_0_BUFG/O
    X0Y0 (CLOCK_ROOT)    net (fo=728, routed)         1.531    11.698    <hidden>
    SLICE_X5Y36          FDRE                                         r  <hidden>
                         clock pessimism              0.164    11.862    
                         clock uncertainty           -0.176    11.686    
    SLICE_X5Y36          FDRE (Setup_CFF_SLICEM_C_CE)
                                                     -0.043    11.643    <hidden>
  -------------------------------------------------------------------
                         required time                         11.643    
                         arrival time                          -4.699    
  -------------------------------------------------------------------
                         slack                                  6.944    

Slack (MET) :             6.970ns  (required time - arrival time)
  Source:                 rgb_bd_i/zynq_ultra_ps_e_0/inst/PS8_i/MAXIGP0ACLK
                            (rising edge-triggered cell PS8 clocked by clk_pl_0  {rise@0.000ns fall@5.000ns period=10.000ns})
  Destination:            <hidden>
                            (rising edge-triggered cell FDRE clocked by clk_pl_0  {rise@0.000ns fall@5.000ns period=10.000ns})
  Path Group:             clk_pl_0
  Path Type:              Setup (Max at Slow Process Corner)
  Requirement:            10.000ns  (clk_pl_0 rise@10.000ns - clk_pl_0 rise@0.000ns)
  Data Path Delay:        2.751ns  (logic 1.102ns (40.061%)  route 1.649ns (59.939%))
  Logic Levels:           4  (LUT3=1 LUT4=1 LUT6=2)
  Clock Path Skew:        -0.061ns (DCD - SCD + CPR)
    Destination Clock Delay (DCD):    1.695ns = ( 11.695 - 10.000 ) 
    Source Clock Delay      (SCD):    1.920ns
    Clock Pessimism Removal (CPR):    0.164ns
  Clock Uncertainty:      0.176ns  ((TSJ^2 + DJ^2)^1/2) / 2 + PE
    Total System Jitter     (TSJ):    0.071ns
    Discrete Jitter          (DJ):    0.344ns
    Phase Error              (PE):    0.000ns
  Clock Net Delay (Source):      1.713ns (routing 0.846ns, distribution 0.867ns)
  Clock Net Delay (Destination): 1.528ns (routing 0.765ns, distribution 0.763ns)

    Location             Delay type                Incr(ns)  Path(ns)    Netlist Resource(s)
  -------------------------------------------------------------------    -------------------
                         (clock clk_pl_0 rise edge)
                                                      0.000     0.000 r  
    PS8_X0Y0             PS8                          0.000     0.000 r  rgb_bd_i/zynq_ultra_ps_e_0/inst/PS8_i/PLCLK[0]
                         net (fo=1, routed)           0.178     0.178    rgb_bd_i/zynq_ultra_ps_e_0/inst/pl_clk_unbuffered[0]
    BUFG_PS_X0Y58        BUFG_PS (Prop_BUFG_PS_I_O)
                                                      0.029     0.207 r  rgb_bd_i/zynq_ultra_ps_e_0/inst/buffer_pl_clk_0.PL_CLK_0_BUFG/O
    X0Y0 (CLOCK_ROOT)    net (fo=728, routed)         1.713     1.920    rgb_bd_i/zynq_ultra_ps_e_0/inst/maxihpm0_fpd_aclk
    PS8_X0Y0             PS8                                          r  rgb_bd_i/zynq_ultra_ps_e_0/inst/PS8_i/MAXIGP0ACLK
  -------------------------------------------------------------------    -------------------
    PS8_X0Y0             PS8 (Prop_PS8_MAXIGP0ACLK_MAXIGP0WSTRB[10])
                                                      0.559     2.479 f  rgb_bd_i/zynq_ultra_ps_e_0/inst/PS8_i/MAXIGP0WSTRB[10]
                         net (fo=1, routed)           0.487     2.966    <hidden>
    SLICE_X1Y39          LUT6 (Prop_G6LUT_SLICEM_I1_O)
                                                      0.179     3.145 f  <hidden>
                         net (fo=1, routed)           0.287     3.432    <hidden>
    SLICE_X1Y39          LUT4 (Prop_E6LUT_SLICEM_I3_O)
                                                      0.148     3.580 r  <hidden>
                         net (fo=7, routed)           0.318     3.898    <hidden>
    SLICE_X4Y38          LUT6 (Prop_F6LUT_SLICEM_I1_O)
                                                      0.177     4.075 r  <hidden>
                         net (fo=5, routed)           0.170     4.245    <hidden>
    SLICE_X5Y37          LUT3 (Prop_E6LUT_SLICEM_I2_O)
                                                      0.039     4.284 r  <hidden>
                         net (fo=9, routed)           0.387     4.671    <hidden>
    SLICE_X3Y36          FDRE                                         r  <hidden>
  -------------------------------------------------------------------    -------------------

                         (clock clk_pl_0 rise edge)
                                                     10.000    10.000 r  
    PS8_X0Y0             PS8                          0.000    10.000 r  rgb_bd_i/zynq_ultra_ps_e_0/inst/PS8_i/PLCLK[0]
                         net (fo=1, routed)           0.140    10.140    rgb_bd_i/zynq_ultra_ps_e_0/inst/pl_clk_unbuffered[0]
    BUFG_PS_X0Y58        BUFG_PS (Prop_BUFG_PS_I_O)
                                                      0.027    10.167 r  rgb_bd_i/zynq_ultra_ps_e_0/inst/buffer_pl_clk_0.PL_CLK_0_BUFG/O
    X0Y0 (CLOCK_ROOT)    net (fo=728, routed)         1.528    11.695    <hidden>
    SLICE_X3Y36          FDRE                                         r  <hidden>
                         clock pessimism              0.164    11.859    
                         clock uncertainty           -0.176    11.683    
    SLICE_X3Y36          FDRE (Setup_CFF2_SLICEL_C_CE)
                                                     -0.042    11.641    <hidden>
  -------------------------------------------------------------------
                         required time                         11.641    
                         arrival time                          -4.671    
  -------------------------------------------------------------------
                         slack                                  6.970    

Slack (MET) :             6.971ns  (required time - arrival time)
  Source:                 rgb_bd_i/zynq_ultra_ps_e_0/inst/PS8_i/MAXIGP0ACLK
                            (rising edge-triggered cell PS8 clocked by clk_pl_0  {rise@0.000ns fall@5.000ns period=10.000ns})
  Destination:            <hidden>
                            (rising edge-triggered cell FDRE clocked by clk_pl_0  {rise@0.000ns fall@5.000ns period=10.000ns})
  Path Group:             clk_pl_0
  Path Type:              Setup (Max at Slow Process Corner)
  Requirement:            10.000ns  (clk_pl_0 rise@10.000ns - clk_pl_0 rise@0.000ns)
  Data Path Delay:        2.750ns  (logic 1.102ns (40.076%)  route 1.648ns (59.924%))
  Logic Levels:           4  (LUT3=1 LUT4=1 LUT6=2)
  Clock Path Skew:        -0.061ns (DCD - SCD + CPR)
    Destination Clock Delay (DCD):    1.695ns = ( 11.695 - 10.000 ) 
    Source Clock Delay      (SCD):    1.920ns
    Clock Pessimism Removal (CPR):    0.164ns
  Clock Uncertainty:      0.176ns  ((TSJ^2 + DJ^2)^1/2) / 2 + PE
    Total System Jitter     (TSJ):    0.071ns
    Discrete Jitter          (DJ):    0.344ns
    Phase Error              (PE):    0.000ns
  Clock Net Delay (Source):      1.713ns (routing 0.846ns, distribution 0.867ns)
  Clock Net Delay (Destination): 1.528ns (routing 0.765ns, distribution 0.763ns)

    Location             Delay type                Incr(ns)  Path(ns)    Netlist Resource(s)
  -------------------------------------------------------------------    -------------------
                         (clock clk_pl_0 rise edge)
                                                      0.000     0.000 r  
    PS8_X0Y0             PS8                          0.000     0.000 r  rgb_bd_i/zynq_ultra_ps_e_0/inst/PS8_i/PLCLK[0]
                         net (fo=1, routed)           0.178     0.178    rgb_bd_i/zynq_ultra_ps_e_0/inst/pl_clk_unbuffered[0]
    BUFG_PS_X0Y58        BUFG_PS (Prop_BUFG_PS_I_O)
                                                      0.029     0.207 r  rgb_bd_i/zynq_ultra_ps_e_0/inst/buffer_pl_clk_0.PL_CLK_0_BUFG/O
    X0Y0 (CLOCK_ROOT)    net (fo=728, routed)         1.713     1.920    rgb_bd_i/zynq_ultra_ps_e_0/inst/maxihpm0_fpd_aclk
    PS8_X0Y0             PS8                                          r  rgb_bd_i/zynq_ultra_ps_e_0/inst/PS8_i/MAXIGP0ACLK
  -------------------------------------------------------------------    -------------------
    PS8_X0Y0             PS8 (Prop_PS8_MAXIGP0ACLK_MAXIGP0WSTRB[10])
                                                      0.559     2.479 f  rgb_bd_i/zynq_ultra_ps_e_0/inst/PS8_i/MAXIGP0WSTRB[10]
                         net (fo=1, routed)           0.487     2.966    <hidden>
    SLICE_X1Y39          LUT6 (Prop_G6LUT_SLICEM_I1_O)
                                                      0.179     3.145 f  <hidden>
                         net (fo=1, routed)           0.287     3.432    <hidden>
    SLICE_X1Y39          LUT4 (Prop_E6LUT_SLICEM_I3_O)
                                                      0.148     3.580 r  <hidden>
                         net (fo=7, routed)           0.318     3.898    <hidden>
    SLICE_X4Y38          LUT6 (Prop_F6LUT_SLICEM_I1_O)
                                                      0.177     4.075 r  <hidden>
                         net (fo=5, routed)           0.170     4.245    <hidden>
    SLICE_X5Y37          LUT3 (Prop_E6LUT_SLICEM_I2_O)
                                                      0.039     4.284 r  <hidden>
                         net (fo=9, routed)           0.386     4.670    <hidden>
    SLICE_X3Y36          FDRE                                         r  <hidden>
  -------------------------------------------------------------------    -------------------

                         (clock clk_pl_0 rise edge)
                                                     10.000    10.000 r  
    PS8_X0Y0             PS8                          0.000    10.000 r  rgb_bd_i/zynq_ultra_ps_e_0/inst/PS8_i/PLCLK[0]
                         net (fo=1, routed)           0.140    10.140    rgb_bd_i/zynq_ultra_ps_e_0/inst/pl_clk_unbuffered[0]
    BUFG_PS_X0Y58        BUFG_PS (Prop_BUFG_PS_I_O)
                                                      0.027    10.167 r  rgb_bd_i/zynq_ultra_ps_e_0/inst/buffer_pl_clk_0.PL_CLK_0_BUFG/O
    X0Y0 (CLOCK_ROOT)    net (fo=728, routed)         1.528    11.695    <hidden>
    SLICE_X3Y36          FDRE                                         r  <hidden>
                         clock pessimism              0.164    11.859    
                         clock uncertainty           -0.176    11.683    
    SLICE_X3Y36          FDRE (Setup_DFF_SLICEL_C_CE)
                                                     -0.042    11.641    <hidden>
  -------------------------------------------------------------------
                         required time                         11.641    
                         arrival time                          -4.670    
  -------------------------------------------------------------------
                         slack                                  6.971    

Slack (MET) :             6.973ns  (required time - arrival time)
  Source:                 rgb_bd_i/zynq_ultra_ps_e_0/inst/PS8_i/MAXIGP0ACLK
                            (rising edge-triggered cell PS8 clocked by clk_pl_0  {rise@0.000ns fall@5.000ns period=10.000ns})
  Destination:            <hidden>
                            (rising edge-triggered cell FDRE clocked by clk_pl_0  {rise@0.000ns fall@5.000ns period=10.000ns})
  Path Group:             clk_pl_0
  Path Type:              Setup (Max at Slow Process Corner)
  Requirement:            10.000ns  (clk_pl_0 rise@10.000ns - clk_pl_0 rise@0.000ns)
  Data Path Delay:        2.757ns  (logic 1.097ns (39.790%)  route 1.660ns (60.210%))
  Logic Levels:           5  (LUT4=1 LUT5=1 LUT6=3)
  Clock Path Skew:        -0.051ns (DCD - SCD + CPR)
    Destination Clock Delay (DCD):    1.705ns = ( 11.705 - 10.000 ) 
    Source Clock Delay      (SCD):    1.920ns
    Clock Pessimism Removal (CPR):    0.164ns
  Clock Uncertainty:      0.176ns  ((TSJ^2 + DJ^2)^1/2) / 2 + PE
    Total System Jitter     (TSJ):    0.071ns
    Discrete Jitter          (DJ):    0.344ns
    Phase Error              (PE):    0.000ns
  Clock Net Delay (Source):      1.713ns (routing 0.846ns, distribution 0.867ns)
  Clock Net Delay (Destination): 1.538ns (routing 0.765ns, distribution 0.773ns)

    Location             Delay type                Incr(ns)  Path(ns)    Netlist Resource(s)
  -------------------------------------------------------------------    -------------------
                         (clock clk_pl_0 rise edge)
                                                      0.000     0.000 r  
    PS8_X0Y0             PS8                          0.000     0.000 r  rgb_bd_i/zynq_ultra_ps_e_0/inst/PS8_i/PLCLK[0]
                         net (fo=1, routed)           0.178     0.178    rgb_bd_i/zynq_ultra_ps_e_0/inst/pl_clk_unbuffered[0]
    BUFG_PS_X0Y58        BUFG_PS (Prop_BUFG_PS_I_O)
                                                      0.029     0.207 r  rgb_bd_i/zynq_ultra_ps_e_0/inst/buffer_pl_clk_0.PL_CLK_0_BUFG/O
    X0Y0 (CLOCK_ROOT)    net (fo=728, routed)         1.713     1.920    rgb_bd_i/zynq_ultra_ps_e_0/inst/maxihpm0_fpd_aclk
    PS8_X0Y0             PS8                                          r  rgb_bd_i/zynq_ultra_ps_e_0/inst/PS8_i/MAXIGP0ACLK
  -------------------------------------------------------------------    -------------------
    PS8_X0Y0             PS8 (Prop_PS8_MAXIGP0ACLK_MAXIGP0WSTRB[10])
                                                      0.559     2.479 r  rgb_bd_i/zynq_ultra_ps_e_0/inst/PS8_i/MAXIGP0WSTRB[10]
                         net (fo=1, routed)           0.487     2.966    <hidden>
    SLICE_X1Y39          LUT6 (Prop_G6LUT_SLICEM_I1_O)
                                                      0.179     3.145 r  <hidden>
                         net (fo=1, routed)           0.287     3.432    <hidden>
    SLICE_X1Y39          LUT4 (Prop_E6LUT_SLICEM_I3_O)
                                                      0.148     3.580 f  <hidden>
                         net (fo=7, routed)           0.318     3.898    <hidden>
    SLICE_X5Y37          LUT5 (Prop_C5LUT_SLICEM_I4_O)
                                                      0.084     3.982 r  <hidden>
                         net (fo=1, routed)           0.225     4.207    <hidden>
    SLICE_X3Y37          LUT6 (Prop_G6LUT_SLICEL_I5_O)
                                                      0.063     4.270 r  <hidden>
                         net (fo=1, routed)           0.051     4.321    <hidden>
    SLICE_X3Y37          LUT6 (Prop_H6LUT_SLICEL_I5_O)
                                                      0.064     4.385 r  <hidden>
                         net (fo=3, routed)           0.292     4.677    <hidden>
    SLICE_X5Y37          FDRE                                         r  <hidden>
  -------------------------------------------------------------------    -------------------

                         (clock clk_pl_0 rise edge)
                                                     10.000    10.000 r  
    PS8_X0Y0             PS8                          0.000    10.000 r  rgb_bd_i/zynq_ultra_ps_e_0/inst/PS8_i/PLCLK[0]
                         net (fo=1, routed)           0.140    10.140    rgb_bd_i/zynq_ultra_ps_e_0/inst/pl_clk_unbuffered[0]
    BUFG_PS_X0Y58        BUFG_PS (Prop_BUFG_PS_I_O)
                                                      0.027    10.167 r  rgb_bd_i/zynq_ultra_ps_e_0/inst/buffer_pl_clk_0.PL_CLK_0_BUFG/O
    X0Y0 (CLOCK_ROOT)    net (fo=728, routed)         1.538    11.705    <hidden>
    SLICE_X5Y37          FDRE                                         r  <hidden>
                         clock pessimism              0.164    11.869    
                         clock uncertainty           -0.176    11.693    
    SLICE_X5Y37          FDRE (Setup_DFF_SLICEM_C_CE)
                                                     -0.043    11.650    <hidden>
  -------------------------------------------------------------------
                         required time                         11.650    
                         arrival time                          -4.677    
  -------------------------------------------------------------------
                         slack                                  6.973    





Min Delay Paths
--------------------------------------------------------------------------------------
Slack (MET) :             0.024ns  (arrival time - required time)
  Source:                 <hidden>
                            (rising edge-triggered cell FDRE clocked by clk_pl_0  {rise@0.000ns fall@5.000ns period=10.000ns})
  Destination:            <hidden>
                            (rising edge-triggered cell FDRE clocked by clk_pl_0  {rise@0.000ns fall@5.000ns period=10.000ns})
  Path Group:             clk_pl_0
  Path Type:              Hold (Min at Slow Process Corner)
  Requirement:            0.000ns  (clk_pl_0 rise@0.000ns - clk_pl_0 rise@0.000ns)
  Data Path Delay:        0.164ns  (logic 0.071ns (43.401%)  route 0.093ns (56.599%))
  Logic Levels:           0  
  Clock Path Skew:        0.087ns (DCD - SCD - CPR)
    Destination Clock Delay (DCD):    1.955ns
    Source Clock Delay      (SCD):    1.704ns
    Clock Pessimism Removal (CPR):    0.164ns
  Clock Net Delay (Source):      1.537ns (routing 0.765ns, distribution 0.772ns)
  Clock Net Delay (Destination): 1.748ns (routing 0.846ns, distribution 0.902ns)

    Location             Delay type                Incr(ns)  Path(ns)    Netlist Resource(s)
  -------------------------------------------------------------------    -------------------
                         (clock clk_pl_0 rise edge)
                                                      0.000     0.000 r  
    PS8_X0Y0             PS8                          0.000     0.000 r  rgb_bd_i/zynq_ultra_ps_e_0/inst/PS8_i/PLCLK[0]
                         net (fo=1, routed)           0.140     0.140    rgb_bd_i/zynq_ultra_ps_e_0/inst/pl_clk_unbuffered[0]
    BUFG_PS_X0Y58        BUFG_PS (Prop_BUFG_PS_I_O)
                                                      0.027     0.167 r  rgb_bd_i/zynq_ultra_ps_e_0/inst/buffer_pl_clk_0.PL_CLK_0_BUFG/O
    X0Y0 (CLOCK_ROOT)    net (fo=728, routed)         1.537     1.704    <hidden>
    SLICE_X1Y31          FDRE                                         r  <hidden>
  -------------------------------------------------------------------    -------------------
    SLICE_X1Y31          FDRE (Prop_BFF2_SLICEM_C_Q)
                                                      0.071     1.775 r  <hidden>
                         net (fo=2, routed)           0.093     1.868    <hidden>
    SLICE_X0Y31          FDRE                                         r  <hidden>
  -------------------------------------------------------------------    -------------------

                         (clock clk_pl_0 rise edge)
                                                      0.000     0.000 r  
    PS8_X0Y0             PS8                          0.000     0.000 r  rgb_bd_i/zynq_ultra_ps_e_0/inst/PS8_i/PLCLK[0]
                         net (fo=1, routed)           0.178     0.178    rgb_bd_i/zynq_ultra_ps_e_0/inst/pl_clk_unbuffered[0]
    BUFG_PS_X0Y58        BUFG_PS (Prop_BUFG_PS_I_O)
                                                      0.029     0.207 r  rgb_bd_i/zynq_ultra_ps_e_0/inst/buffer_pl_clk_0.PL_CLK_0_BUFG/O
    X0Y0 (CLOCK_ROOT)    net (fo=728, routed)         1.748     1.955    <hidden>
    SLICE_X0Y31          FDRE                                         r  <hidden>
                         clock pessimism             -0.164     1.791    
    SLICE_X0Y31          FDRE (Hold_EFF_SLICEL_C_D)
                                                      0.053     1.844    <hidden>
  -------------------------------------------------------------------
                         required time                         -1.844    
                         arrival time                           1.868    
  -------------------------------------------------------------------
                         slack                                  0.024    

Slack (MET) :             0.033ns  (arrival time - required time)
  Source:                 <hidden>
                            (rising edge-triggered cell FDRE clocked by clk_pl_0  {rise@0.000ns fall@5.000ns period=10.000ns})
  Destination:            <hidden>
                            (rising edge-triggered cell FDRE clocked by clk_pl_0  {rise@0.000ns fall@5.000ns period=10.000ns})
  Path Group:             clk_pl_0
  Path Type:              Hold (Min at Fast Process Corner)
  Requirement:            0.000ns  (clk_pl_0 rise@0.000ns - clk_pl_0 rise@0.000ns)
  Data Path Delay:        0.101ns  (logic 0.039ns (38.735%)  route 0.062ns (61.265%))
  Logic Levels:           0  
  Clock Path Skew:        0.021ns (DCD - SCD - CPR)
    Destination Clock Delay (DCD):    1.150ns
    Source Clock Delay      (SCD):    0.993ns
    Clock Pessimism Removal (CPR):    0.137ns
  Clock Net Delay (Source):      0.882ns (routing 0.432ns, distribution 0.450ns)
  Clock Net Delay (Destination): 1.012ns (routing 0.489ns, distribution 0.523ns)

    Location             Delay type                Incr(ns)  Path(ns)    Netlist Resource(s)
  -------------------------------------------------------------------    -------------------
                         (clock clk_pl_0 rise edge)
                                                      0.000     0.000 r  
    PS8_X0Y0             PS8                          0.000     0.000 r  rgb_bd_i/zynq_ultra_ps_e_0/inst/PS8_i/PLCLK[0]
                         net (fo=1, routed)           0.094     0.094    rgb_bd_i/zynq_ultra_ps_e_0/inst/pl_clk_unbuffered[0]
    BUFG_PS_X0Y58        BUFG_PS (Prop_BUFG_PS_I_O)
                                                      0.017     0.111 r  rgb_bd_i/zynq_ultra_ps_e_0/inst/buffer_pl_clk_0.PL_CLK_0_BUFG/O
    X0Y0 (CLOCK_ROOT)    net (fo=728, routed)         0.882     0.993    <hidden>
    SLICE_X0Y33          FDRE                                         r  <hidden>
  -------------------------------------------------------------------    -------------------
    SLICE_X0Y33          FDRE (Prop_DFF_SLICEL_C_Q)
                                                      0.039     1.032 r  <hidden>
                         net (fo=2, routed)           0.062     1.093    <hidden>
    SLICE_X0Y32          FDRE                                         r  <hidden>
  -------------------------------------------------------------------    -------------------

                         (clock clk_pl_0 rise edge)
                                                      0.000     0.000 r  
    PS8_X0Y0             PS8                          0.000     0.000 r  rgb_bd_i/zynq_ultra_ps_e_0/inst/PS8_i/PLCLK[0]
                         net (fo=1, routed)           0.120     0.120    rgb_bd_i/zynq_ultra_ps_e_0/inst/pl_clk_unbuffered[0]
    BUFG_PS_X0Y58        BUFG_PS (Prop_BUFG_PS_I_O)
                                                      0.018     0.138 r  rgb_bd_i/zynq_ultra_ps_e_0/inst/buffer_pl_clk_0.PL_CLK_0_BUFG/O
    X0Y0 (CLOCK_ROOT)    net (fo=728, routed)         1.012     1.150    <hidden>
    SLICE_X0Y32          FDRE                                         r  <hidden>
                         clock pessimism             -0.137     1.013    
    SLICE_X0Y32          FDRE (Hold_FFF2_SLICEL_C_D)
                                                      0.047     1.060    <hidden>
  -------------------------------------------------------------------
                         required time                         -1.060    
                         arrival time                           1.093    
  -------------------------------------------------------------------
                         slack                                  0.033    

Slack (MET) :             0.033ns  (arrival time - required time)
  Source:                 <hidden>
                            (rising edge-triggered cell FDRE clocked by clk_pl_0  {rise@0.000ns fall@5.000ns period=10.000ns})
  Destination:            <hidden>
                            (rising edge-triggered cell FDRE clocked by clk_pl_0  {rise@0.000ns fall@5.000ns period=10.000ns})
  Path Group:             clk_pl_0
  Path Type:              Hold (Min at Fast Process Corner)
  Requirement:            0.000ns  (clk_pl_0 rise@0.000ns - clk_pl_0 rise@0.000ns)
  Data Path Delay:        0.099ns  (logic 0.039ns (39.218%)  route 0.060ns (60.782%))
  Logic Levels:           0  
  Clock Path Skew:        0.019ns (DCD - SCD - CPR)
    Destination Clock Delay (DCD):    1.157ns
    Source Clock Delay      (SCD):    1.001ns
    Clock Pessimism Removal (CPR):    0.137ns
  Clock Net Delay (Source):      0.890ns (routing 0.432ns, distribution 0.458ns)
  Clock Net Delay (Destination): 1.019ns (routing 0.489ns, distribution 0.530ns)

    Location             Delay type                Incr(ns)  Path(ns)    Netlist Resource(s)
  -------------------------------------------------------------------    -------------------
                         (clock clk_pl_0 rise edge)
                                                      0.000     0.000 r  
    PS8_X0Y0             PS8                          0.000     0.000 r  rgb_bd_i/zynq_ultra_ps_e_0/inst/PS8_i/PLCLK[0]
                         net (fo=1, routed)           0.094     0.094    rgb_bd_i/zynq_ultra_ps_e_0/inst/pl_clk_unbuffered[0]
    BUFG_PS_X0Y58        BUFG_PS (Prop_BUFG_PS_I_O)
                                                      0.017     0.111 r  rgb_bd_i/zynq_ultra_ps_e_0/inst/buffer_pl_clk_0.PL_CLK_0_BUFG/O
    X0Y0 (CLOCK_ROOT)    net (fo=728, routed)         0.890     1.001    <hidden>
    SLICE_X2Y34          FDRE                                         r  <hidden>
  -------------------------------------------------------------------    -------------------
    SLICE_X2Y34          FDRE (Prop_DFF_SLICEL_C_Q)
                                                      0.039     1.040 r  <hidden>
                         net (fo=2, routed)           0.060     1.100    <hidden>
    SLICE_X2Y35          FDRE                                         r  <hidden>
  -------------------------------------------------------------------    -------------------

                         (clock clk_pl_0 rise edge)
                                                      0.000     0.000 r  
    PS8_X0Y0             PS8                          0.000     0.000 r  rgb_bd_i/zynq_ultra_ps_e_0/inst/PS8_i/PLCLK[0]
                         net (fo=1, routed)           0.120     0.120    rgb_bd_i/zynq_ultra_ps_e_0/inst/pl_clk_unbuffered[0]
    BUFG_PS_X0Y58        BUFG_PS (Prop_BUFG_PS_I_O)
                                                      0.018     0.138 r  rgb_bd_i/zynq_ultra_ps_e_0/inst/buffer_pl_clk_0.PL_CLK_0_BUFG/O
    X0Y0 (CLOCK_ROOT)    net (fo=728, routed)         1.019     1.157    <hidden>
    SLICE_X2Y35          FDRE                                         r  <hidden>
                         clock pessimism             -0.137     1.020    
    SLICE_X2Y35          FDRE (Hold_AFF2_SLICEL_C_D)
                                                      0.047     1.067    <hidden>
  -------------------------------------------------------------------
                         required time                         -1.067    
                         arrival time                           1.100    
  -------------------------------------------------------------------
                         slack                                  0.033    

Slack (MET) :             0.034ns  (arrival time - required time)
  Source:                 <hidden>
                            (rising edge-triggered cell FDRE clocked by clk_pl_0  {rise@0.000ns fall@5.000ns period=10.000ns})
  Destination:            <hidden>
                            (rising edge-triggered cell FDRE clocked by clk_pl_0  {rise@0.000ns fall@5.000ns period=10.000ns})
  Path Group:             clk_pl_0
  Path Type:              Hold (Min at Fast Process Corner)
  Requirement:            0.000ns  (clk_pl_0 rise@0.000ns - clk_pl_0 rise@0.000ns)
  Data Path Delay:        0.129ns  (logic 0.063ns (48.986%)  route 0.066ns (51.014%))
  Logic Levels:           1  (LUT5=1)
  Clock Path Skew:        0.048ns (DCD - SCD - CPR)
    Destination Clock Delay (DCD):    1.149ns
    Source Clock Delay      (SCD):    0.994ns
    Clock Pessimism Removal (CPR):    0.108ns
  Clock Net Delay (Source):      0.883ns (routing 0.432ns, distribution 0.451ns)
  Clock Net Delay (Destination): 1.011ns (routing 0.489ns, distribution 0.522ns)

    Location             Delay type                Incr(ns)  Path(ns)    Netlist Resource(s)
  -------------------------------------------------------------------    -------------------
                         (clock clk_pl_0 rise edge)
                                                      0.000     0.000 r  
    PS8_X0Y0             PS8                          0.000     0.000 r  rgb_bd_i/zynq_ultra_ps_e_0/inst/PS8_i/PLCLK[0]
                         net (fo=1, routed)           0.094     0.094    rgb_bd_i/zynq_ultra_ps_e_0/inst/pl_clk_unbuffered[0]
    BUFG_PS_X0Y58        BUFG_PS (Prop_BUFG_PS_I_O)
                                                      0.017     0.111 r  rgb_bd_i/zynq_ultra_ps_e_0/inst/buffer_pl_clk_0.PL_CLK_0_BUFG/O
    X0Y0 (CLOCK_ROOT)    net (fo=728, routed)         0.883     0.994    <hidden>
    SLICE_X3Y31          FDRE                                         r  <hidden>
  -------------------------------------------------------------------    -------------------
    SLICE_X3Y31          FDRE (Prop_HFF2_SLICEL_C_Q)
                                                      0.039     1.033 r  <hidden>
                         net (fo=6, routed)           0.057     1.089    <hidden>
    SLICE_X4Y31          LUT5 (Prop_D5LUT_SLICEM_I1_O)
                                                      0.024     1.113 r  <hidden>
                         net (fo=1, routed)           0.009     1.122    <hidden>
    SLICE_X4Y31          FDRE                                         r  <hidden>
  -------------------------------------------------------------------    -------------------

                         (clock clk_pl_0 rise edge)
                                                      0.000     0.000 r  
    PS8_X0Y0             PS8                          0.000     0.000 r  rgb_bd_i/zynq_ultra_ps_e_0/inst/PS8_i/PLCLK[0]
                         net (fo=1, routed)           0.120     0.120    rgb_bd_i/zynq_ultra_ps_e_0/inst/pl_clk_unbuffered[0]
    BUFG_PS_X0Y58        BUFG_PS (Prop_BUFG_PS_I_O)
                                                      0.018     0.138 r  rgb_bd_i/zynq_ultra_ps_e_0/inst/buffer_pl_clk_0.PL_CLK_0_BUFG/O
    X0Y0 (CLOCK_ROOT)    net (fo=728, routed)         1.011     1.149    <hidden>
    SLICE_X4Y31          FDRE                                         r  <hidden>
                         clock pessimism             -0.108     1.041    
    SLICE_X4Y31          FDRE (Hold_DFF2_SLICEM_C_D)
                                                      0.047     1.088    <hidden>
  -------------------------------------------------------------------
                         required time                         -1.088    
                         arrival time                           1.122    
  -------------------------------------------------------------------
                         slack                                  0.034    

Slack (MET) :             0.035ns  (arrival time - required time)
  Source:                 <hidden>
                            (rising edge-triggered cell FDRE clocked by clk_pl_0  {rise@0.000ns fall@5.000ns period=10.000ns})
  Destination:            <hidden>
                            (rising edge-triggered cell FDRE clocked by clk_pl_0  {rise@0.000ns fall@5.000ns period=10.000ns})
  Path Group:             clk_pl_0
  Path Type:              Hold (Min at Fast Process Corner)
  Requirement:            0.000ns  (clk_pl_0 rise@0.000ns - clk_pl_0 rise@0.000ns)
  Data Path Delay:        0.102ns  (logic 0.038ns (37.255%)  route 0.064ns (62.745%))
  Logic Levels:           0  
  Clock Path Skew:        0.020ns (DCD - SCD - CPR)
    Destination Clock Delay (DCD):    1.165ns
    Source Clock Delay      (SCD):    1.008ns
    Clock Pessimism Removal (CPR):    0.137ns
  Clock Net Delay (Source):      0.897ns (routing 0.432ns, distribution 0.465ns)
  Clock Net Delay (Destination): 1.027ns (routing 0.489ns, distribution 0.538ns)

    Location             Delay type                Incr(ns)  Path(ns)    Netlist Resource(s)
  -------------------------------------------------------------------    -------------------
                         (clock clk_pl_0 rise edge)
                                                      0.000     0.000 r  
    PS8_X0Y0             PS8                          0.000     0.000 r  rgb_bd_i/zynq_ultra_ps_e_0/inst/PS8_i/PLCLK[0]
                         net (fo=1, routed)           0.094     0.094    rgb_bd_i/zynq_ultra_ps_e_0/inst/pl_clk_unbuffered[0]
    BUFG_PS_X0Y58        BUFG_PS (Prop_BUFG_PS_I_O)
                                                      0.017     0.111 r  rgb_bd_i/zynq_ultra_ps_e_0/inst/buffer_pl_clk_0.PL_CLK_0_BUFG/O
    X0Y0 (CLOCK_ROOT)    net (fo=728, routed)         0.897     1.008    <hidden>
    SLICE_X1Y41          FDRE                                         r  <hidden>
  -------------------------------------------------------------------    -------------------
    SLICE_X1Y41          FDRE (Prop_CFF_SLICEM_C_Q)
                                                      0.038     1.046 r  <hidden>
                         net (fo=1, routed)           0.064     1.110    <hidden>
    SLICE_X1Y42          FDRE                                         r  <hidden>
  -------------------------------------------------------------------    -------------------

                         (clock clk_pl_0 rise edge)
                                                      0.000     0.000 r  
    PS8_X0Y0             PS8                          0.000     0.000 r  rgb_bd_i/zynq_ultra_ps_e_0/inst/PS8_i/PLCLK[0]
                         net (fo=1, routed)           0.120     0.120    rgb_bd_i/zynq_ultra_ps_e_0/inst/pl_clk_unbuffered[0]
    BUFG_PS_X0Y58        BUFG_PS (Prop_BUFG_PS_I_O)
                                                      0.018     0.138 r  rgb_bd_i/zynq_ultra_ps_e_0/inst/buffer_pl_clk_0.PL_CLK_0_BUFG/O
    X0Y0 (CLOCK_ROOT)    net (fo=728, routed)         1.027     1.165    <hidden>
    SLICE_X1Y42          FDRE                                         r  <hidden>
                         clock pessimism             -0.137     1.028    
    SLICE_X1Y42          FDRE (Hold_HFF2_SLICEM_C_D)
                                                      0.047     1.075    <hidden>
  -------------------------------------------------------------------
                         required time                         -1.075    
                         arrival time                           1.110    
  -------------------------------------------------------------------
                         slack                                  0.035    

Slack (MET) :             0.035ns  (arrival time - required time)
  Source:                 rgb_bd_i/rst_ps8_0_100M/U0/EXT_LPF/ACTIVE_LOW_EXT.ACT_LO_EXT/GENERATE_LEVEL_P_S_CDC.SINGLE_BIT.CROSS_PLEVEL_IN2SCNDRY_s_level_out_d4/C
                            (rising edge-triggered cell FDRE clocked by clk_pl_0  {rise@0.000ns fall@5.000ns period=10.000ns})
  Destination:            rgb_bd_i/rst_ps8_0_100M/U0/EXT_LPF/EXT_LPF[1].exr_lpf_reg[1]/D
                            (rising edge-triggered cell FDRE clocked by clk_pl_0  {rise@0.000ns fall@5.000ns period=10.000ns})
  Path Group:             clk_pl_0
  Path Type:              Hold (Min at Fast Process Corner)
  Requirement:            0.000ns  (clk_pl_0 rise@0.000ns - clk_pl_0 rise@0.000ns)
  Data Path Delay:        0.107ns  (logic 0.040ns (37.248%)  route 0.067ns (62.752%))
  Logic Levels:           0  
  Clock Path Skew:        0.025ns (DCD - SCD - CPR)
    Destination Clock Delay (DCD):    1.156ns
    Source Clock Delay      (SCD):    0.994ns
    Clock Pessimism Removal (CPR):    0.137ns
  Clock Net Delay (Source):      0.883ns (routing 0.432ns, distribution 0.451ns)
  Clock Net Delay (Destination): 1.018ns (routing 0.489ns, distribution 0.529ns)

    Location             Delay type                Incr(ns)  Path(ns)    Netlist Resource(s)
  -------------------------------------------------------------------    -------------------
                         (clock clk_pl_0 rise edge)
                                                      0.000     0.000 r  
    PS8_X0Y0             PS8                          0.000     0.000 r  rgb_bd_i/zynq_ultra_ps_e_0/inst/PS8_i/PLCLK[0]
                         net (fo=1, routed)           0.094     0.094    rgb_bd_i/zynq_ultra_ps_e_0/inst/pl_clk_unbuffered[0]
    BUFG_PS_X0Y58        BUFG_PS (Prop_BUFG_PS_I_O)
                                                      0.017     0.111 r  rgb_bd_i/zynq_ultra_ps_e_0/inst/buffer_pl_clk_0.PL_CLK_0_BUFG/O
    X0Y0 (CLOCK_ROOT)    net (fo=728, routed)         0.883     0.994    rgb_bd_i/rst_ps8_0_100M/U0/EXT_LPF/ACTIVE_LOW_EXT.ACT_LO_EXT/slowest_sync_clk
    SLICE_X7Y47          FDRE                                         r  rgb_bd_i/rst_ps8_0_100M/U0/EXT_LPF/ACTIVE_LOW_EXT.ACT_LO_EXT/GENERATE_LEVEL_P_S_CDC.SINGLE_BIT.CROSS_PLEVEL_IN2SCNDRY_s_level_out_d4/C
  -------------------------------------------------------------------    -------------------
    SLICE_X7Y47          FDRE (Prop_CFF2_SLICEL_C_Q)
                                                      0.040     1.034 r  rgb_bd_i/rst_ps8_0_100M/U0/EXT_LPF/ACTIVE_LOW_EXT.ACT_LO_EXT/GENERATE_LEVEL_P_S_CDC.SINGLE_BIT.CROSS_PLEVEL_IN2SCNDRY_s_level_out_d4/Q
                         net (fo=2, routed)           0.067     1.101    rgb_bd_i/rst_ps8_0_100M/U0/EXT_LPF/p_3_in6_in
    SLICE_X7Y46          FDRE                                         r  rgb_bd_i/rst_ps8_0_100M/U0/EXT_LPF/EXT_LPF[1].exr_lpf_reg[1]/D
  -------------------------------------------------------------------    -------------------

                         (clock clk_pl_0 rise edge)
                                                      0.000     0.000 r  
    PS8_X0Y0             PS8                          0.000     0.000 r  rgb_bd_i/zynq_ultra_ps_e_0/inst/PS8_i/PLCLK[0]
                         net (fo=1, routed)           0.120     0.120    rgb_bd_i/zynq_ultra_ps_e_0/inst/pl_clk_unbuffered[0]
    BUFG_PS_X0Y58        BUFG_PS (Prop_BUFG_PS_I_O)
                                                      0.018     0.138 r  rgb_bd_i/zynq_ultra_ps_e_0/inst/buffer_pl_clk_0.PL_CLK_0_BUFG/O
    X0Y0 (CLOCK_ROOT)    net (fo=728, routed)         1.018     1.156    rgb_bd_i/rst_ps8_0_100M/U0/EXT_LPF/slowest_sync_clk
    SLICE_X7Y46          FDRE                                         r  rgb_bd_i/rst_ps8_0_100M/U0/EXT_LPF/EXT_LPF[1].exr_lpf_reg[1]/C
                         clock pessimism             -0.137     1.019    
    SLICE_X7Y46          FDRE (Hold_FFF2_SLICEL_C_D)
                                                      0.047     1.066    rgb_bd_i/rst_ps8_0_100M/U0/EXT_LPF/EXT_LPF[1].exr_lpf_reg[1]
  -------------------------------------------------------------------
                         required time                         -1.066    
                         arrival time                           1.101    
  -------------------------------------------------------------------
                         slack                                  0.035    

Slack (MET) :             0.035ns  (arrival time - required time)
  Source:                 rgb_bd_i/gpio_io_o/U0/ip2bus_data_i_D1_reg[28]/C
                            (rising edge-triggered cell FDRE clocked by clk_pl_0  {rise@0.000ns fall@5.000ns period=10.000ns})
  Destination:            rgb_bd_i/gpio_io_o/U0/AXI_LITE_IPIF_I/I_SLAVE_ATTACHMENT/s_axi_rdata_i_reg[3]/D
                            (rising edge-triggered cell FDRE clocked by clk_pl_0  {rise@0.000ns fall@5.000ns period=10.000ns})
  Path Group:             clk_pl_0
  Path Type:              Hold (Min at Fast Process Corner)
  Requirement:            0.000ns  (clk_pl_0 rise@0.000ns - clk_pl_0 rise@0.000ns)
  Data Path Delay:        0.098ns  (logic 0.039ns (39.796%)  route 0.059ns (60.204%))
  Logic Levels:           0  
  Clock Path Skew:        0.016ns (DCD - SCD - CPR)
    Destination Clock Delay (DCD):    1.157ns
    Source Clock Delay      (SCD):    0.999ns
    Clock Pessimism Removal (CPR):    0.143ns
  Clock Net Delay (Source):      0.888ns (routing 0.432ns, distribution 0.456ns)
  Clock Net Delay (Destination): 1.019ns (routing 0.489ns, distribution 0.530ns)

    Location             Delay type                Incr(ns)  Path(ns)    Netlist Resource(s)
  -------------------------------------------------------------------    -------------------
                         (clock clk_pl_0 rise edge)
                                                      0.000     0.000 r  
    PS8_X0Y0             PS8                          0.000     0.000 r  rgb_bd_i/zynq_ultra_ps_e_0/inst/PS8_i/PLCLK[0]
                         net (fo=1, routed)           0.094     0.094    rgb_bd_i/zynq_ultra_ps_e_0/inst/pl_clk_unbuffered[0]
    BUFG_PS_X0Y58        BUFG_PS (Prop_BUFG_PS_I_O)
                                                      0.017     0.111 r  rgb_bd_i/zynq_ultra_ps_e_0/inst/buffer_pl_clk_0.PL_CLK_0_BUFG/O
    X0Y0 (CLOCK_ROOT)    net (fo=728, routed)         0.888     0.999    rgb_bd_i/gpio_io_o/U0/s_axi_aclk
    SLICE_X3Y44          FDRE                                         r  rgb_bd_i/gpio_io_o/U0/ip2bus_data_i_D1_reg[28]/C
  -------------------------------------------------------------------    -------------------
    SLICE_X3Y44          FDRE (Prop_CFF_SLICEL_C_Q)
                                                      0.039     1.038 r  rgb_bd_i/gpio_io_o/U0/ip2bus_data_i_D1_reg[28]/Q
                         net (fo=1, routed)           0.059     1.097    rgb_bd_i/gpio_io_o/U0/AXI_LITE_IPIF_I/I_SLAVE_ATTACHMENT/Q[3]
    SLICE_X3Y44          FDRE                                         r  rgb_bd_i/gpio_io_o/U0/AXI_LITE_IPIF_I/I_SLAVE_ATTACHMENT/s_axi_rdata_i_reg[3]/D
  -------------------------------------------------------------------    -------------------

                         (clock clk_pl_0 rise edge)
                                                      0.000     0.000 r  
    PS8_X0Y0             PS8                          0.000     0.000 r  rgb_bd_i/zynq_ultra_ps_e_0/inst/PS8_i/PLCLK[0]
                         net (fo=1, routed)           0.120     0.120    rgb_bd_i/zynq_ultra_ps_e_0/inst/pl_clk_unbuffered[0]
    BUFG_PS_X0Y58        BUFG_PS (Prop_BUFG_PS_I_O)
                                                      0.018     0.138 r  rgb_bd_i/zynq_ultra_ps_e_0/inst/buffer_pl_clk_0.PL_CLK_0_BUFG/O
    X0Y0 (CLOCK_ROOT)    net (fo=728, routed)         1.019     1.157    rgb_bd_i/gpio_io_o/U0/AXI_LITE_IPIF_I/I_SLAVE_ATTACHMENT/s_axi_aclk
    SLICE_X3Y44          FDRE                                         r  rgb_bd_i/gpio_io_o/U0/AXI_LITE_IPIF_I/I_SLAVE_ATTACHMENT/s_axi_rdata_i_reg[3]/C
                         clock pessimism             -0.143     1.014    
    SLICE_X3Y44          FDRE (Hold_HFF2_SLICEL_C_D)
                                                      0.047     1.061    rgb_bd_i/gpio_io_o/U0/AXI_LITE_IPIF_I/I_SLAVE_ATTACHMENT/s_axi_rdata_i_reg[3]
  -------------------------------------------------------------------
                         required time                         -1.061    
                         arrival time                           1.097    
  -------------------------------------------------------------------
                         slack                                  0.035    

Slack (MET) :             0.036ns  (arrival time - required time)
  Source:                 <hidden>
                            (rising edge-triggered cell FDRE clocked by clk_pl_0  {rise@0.000ns fall@5.000ns period=10.000ns})
  Destination:            <hidden>
                            (rising edge-triggered cell FDRE clocked by clk_pl_0  {rise@0.000ns fall@5.000ns period=10.000ns})
  Path Group:             clk_pl_0
  Path Type:              Hold (Min at Fast Process Corner)
  Requirement:            0.000ns  (clk_pl_0 rise@0.000ns - clk_pl_0 rise@0.000ns)
  Data Path Delay:        0.092ns  (logic 0.059ns (64.172%)  route 0.033ns (35.828%))
  Logic Levels:           1  (LUT5=1)
  Clock Path Skew:        0.009ns (DCD - SCD - CPR)
    Destination Clock Delay (DCD):    1.156ns
    Source Clock Delay      (SCD):    1.004ns
    Clock Pessimism Removal (CPR):    0.143ns
  Clock Net Delay (Source):      0.893ns (routing 0.432ns, distribution 0.461ns)
  Clock Net Delay (Destination): 1.018ns (routing 0.489ns, distribution 0.529ns)

    Location             Delay type                Incr(ns)  Path(ns)    Netlist Resource(s)
  -------------------------------------------------------------------    -------------------
                         (clock clk_pl_0 rise edge)
                                                      0.000     0.000 r  
    PS8_X0Y0             PS8                          0.000     0.000 r  rgb_bd_i/zynq_ultra_ps_e_0/inst/PS8_i/PLCLK[0]
                         net (fo=1, routed)           0.094     0.094    rgb_bd_i/zynq_ultra_ps_e_0/inst/pl_clk_unbuffered[0]
    BUFG_PS_X0Y58        BUFG_PS (Prop_BUFG_PS_I_O)
                                                      0.017     0.111 r  rgb_bd_i/zynq_ultra_ps_e_0/inst/buffer_pl_clk_0.PL_CLK_0_BUFG/O
    X0Y0 (CLOCK_ROOT)    net (fo=728, routed)         0.893     1.004    <hidden>
    SLICE_X2Y40          FDRE                                         r  <hidden>
  -------------------------------------------------------------------    -------------------
    SLICE_X2Y40          FDRE (Prop_GFF_SLICEL_C_Q)
                                                      0.039     1.043 f  <hidden>
                         net (fo=4, routed)           0.027     1.070    <hidden>
    SLICE_X2Y40          LUT5 (Prop_D5LUT_SLICEL_I0_O)
                                                      0.020     1.090 r  <hidden>
                         net (fo=1, routed)           0.006     1.096    <hidden>
    SLICE_X2Y40          FDRE                                         r  <hidden>
  -------------------------------------------------------------------    -------------------

                         (clock clk_pl_0 rise edge)
                                                      0.000     0.000 r  
    PS8_X0Y0             PS8                          0.000     0.000 r  rgb_bd_i/zynq_ultra_ps_e_0/inst/PS8_i/PLCLK[0]
                         net (fo=1, routed)           0.120     0.120    rgb_bd_i/zynq_ultra_ps_e_0/inst/pl_clk_unbuffered[0]
    BUFG_PS_X0Y58        BUFG_PS (Prop_BUFG_PS_I_O)
                                                      0.018     0.138 r  rgb_bd_i/zynq_ultra_ps_e_0/inst/buffer_pl_clk_0.PL_CLK_0_BUFG/O
    X0Y0 (CLOCK_ROOT)    net (fo=728, routed)         1.018     1.156    <hidden>
    SLICE_X2Y40          FDRE                                         r  <hidden>
                         clock pessimism             -0.143     1.013    
    SLICE_X2Y40          FDRE (Hold_DFF2_SLICEL_C_D)
                                                      0.047     1.060    <hidden>
  -------------------------------------------------------------------
                         required time                         -1.060    
                         arrival time                           1.096    
  -------------------------------------------------------------------
                         slack                                  0.036    

Slack (MET) :             0.037ns  (arrival time - required time)
  Source:                 <hidden>
                            (rising edge-triggered cell FDRE clocked by clk_pl_0  {rise@0.000ns fall@5.000ns period=10.000ns})
  Destination:            <hidden>
                            (rising edge-triggered cell FDRE clocked by clk_pl_0  {rise@0.000ns fall@5.000ns period=10.000ns})
  Path Group:             clk_pl_0
  Path Type:              Hold (Min at Fast Process Corner)
  Requirement:            0.000ns  (clk_pl_0 rise@0.000ns - clk_pl_0 rise@0.000ns)
  Data Path Delay:        0.103ns  (logic 0.039ns (37.830%)  route 0.064ns (62.170%))
  Logic Levels:           0  
  Clock Path Skew:        0.019ns (DCD - SCD - CPR)
    Destination Clock Delay (DCD):    1.156ns
    Source Clock Delay      (SCD):    1.001ns
    Clock Pessimism Removal (CPR):    0.137ns
  Clock Net Delay (Source):      0.890ns (routing 0.432ns, distribution 0.458ns)
  Clock Net Delay (Destination): 1.018ns (routing 0.489ns, distribution 0.529ns)

    Location             Delay type                Incr(ns)  Path(ns)    Netlist Resource(s)
  -------------------------------------------------------------------    -------------------
                         (clock clk_pl_0 rise edge)
                                                      0.000     0.000 r  
    PS8_X0Y0             PS8                          0.000     0.000 r  rgb_bd_i/zynq_ultra_ps_e_0/inst/PS8_i/PLCLK[0]
                         net (fo=1, routed)           0.094     0.094    rgb_bd_i/zynq_ultra_ps_e_0/inst/pl_clk_unbuffered[0]
    BUFG_PS_X0Y58        BUFG_PS (Prop_BUFG_PS_I_O)
                                                      0.017     0.111 r  rgb_bd_i/zynq_ultra_ps_e_0/inst/buffer_pl_clk_0.PL_CLK_0_BUFG/O
    X0Y0 (CLOCK_ROOT)    net (fo=728, routed)         0.890     1.001    <hidden>
    SLICE_X3Y42          FDRE                                         r  <hidden>
  -------------------------------------------------------------------    -------------------
    SLICE_X3Y42          FDRE (Prop_EFF_SLICEL_C_Q)
                                                      0.039     1.040 r  <hidden>
                         net (fo=2, routed)           0.064     1.104    <hidden>
    SLICE_X3Y43          FDRE                                         r  <hidden>
  -------------------------------------------------------------------    -------------------

                         (clock clk_pl_0 rise edge)
                                                      0.000     0.000 r  
    PS8_X0Y0             PS8                          0.000     0.000 r  rgb_bd_i/zynq_ultra_ps_e_0/inst/PS8_i/PLCLK[0]
                         net (fo=1, routed)           0.120     0.120    rgb_bd_i/zynq_ultra_ps_e_0/inst/pl_clk_unbuffered[0]
    BUFG_PS_X0Y58        BUFG_PS (Prop_BUFG_PS_I_O)
                                                      0.018     0.138 r  rgb_bd_i/zynq_ultra_ps_e_0/inst/buffer_pl_clk_0.PL_CLK_0_BUFG/O
    X0Y0 (CLOCK_ROOT)    net (fo=728, routed)         1.018     1.156    <hidden>
    SLICE_X3Y43          FDRE                                         r  <hidden>
                         clock pessimism             -0.137     1.019    
    SLICE_X3Y43          FDRE (Hold_FFF2_SLICEL_C_D)
                                                      0.047     1.066    <hidden>
  -------------------------------------------------------------------
                         required time                         -1.066    
                         arrival time                           1.104    
  -------------------------------------------------------------------
                         slack                                  0.037    

Slack (MET) :             0.038ns  (arrival time - required time)
  Source:                 <hidden>
                            (rising edge-triggered cell FDRE clocked by clk_pl_0  {rise@0.000ns fall@5.000ns period=10.000ns})
  Destination:            <hidden>
                            (rising edge-triggered cell FDRE clocked by clk_pl_0  {rise@0.000ns fall@5.000ns period=10.000ns})
  Path Group:             clk_pl_0
  Path Type:              Hold (Min at Fast Process Corner)
  Requirement:            0.000ns  (clk_pl_0 rise@0.000ns - clk_pl_0 rise@0.000ns)
  Data Path Delay:        0.105ns  (logic 0.040ns (38.211%)  route 0.065ns (61.789%))
  Logic Levels:           0  
  Clock Path Skew:        0.020ns (DCD - SCD - CPR)
    Destination Clock Delay (DCD):    1.150ns
    Source Clock Delay      (SCD):    0.994ns
    Clock Pessimism Removal (CPR):    0.137ns
  Clock Net Delay (Source):      0.883ns (routing 0.432ns, distribution 0.451ns)
  Clock Net Delay (Destination): 1.012ns (routing 0.489ns, distribution 0.523ns)

    Location             Delay type                Incr(ns)  Path(ns)    Netlist Resource(s)
  -------------------------------------------------------------------    -------------------
                         (clock clk_pl_0 rise edge)
                                                      0.000     0.000 r  
    PS8_X0Y0             PS8                          0.000     0.000 r  rgb_bd_i/zynq_ultra_ps_e_0/inst/PS8_i/PLCLK[0]
                         net (fo=1, routed)           0.094     0.094    rgb_bd_i/zynq_ultra_ps_e_0/inst/pl_clk_unbuffered[0]
    BUFG_PS_X0Y58        BUFG_PS (Prop_BUFG_PS_I_O)
                                                      0.017     0.111 r  rgb_bd_i/zynq_ultra_ps_e_0/inst/buffer_pl_clk_0.PL_CLK_0_BUFG/O
    X0Y0 (CLOCK_ROOT)    net (fo=728, routed)         0.883     0.994    <hidden>
    SLICE_X0Y34          FDRE                                         r  <hidden>
  -------------------------------------------------------------------    -------------------
    SLICE_X0Y34          FDRE (Prop_BFF2_SLICEL_C_Q)
                                                      0.040     1.034 r  <hidden>
                         net (fo=2, routed)           0.065     1.098    <hidden>
    SLICE_X0Y32          FDRE                                         r  <hidden>
  -------------------------------------------------------------------    -------------------

                         (clock clk_pl_0 rise edge)
                                                      0.000     0.000 r  
    PS8_X0Y0             PS8                          0.000     0.000 r  rgb_bd_i/zynq_ultra_ps_e_0/inst/PS8_i/PLCLK[0]
                         net (fo=1, routed)           0.120     0.120    rgb_bd_i/zynq_ultra_ps_e_0/inst/pl_clk_unbuffered[0]
    BUFG_PS_X0Y58        BUFG_PS (Prop_BUFG_PS_I_O)
                                                      0.018     0.138 r  rgb_bd_i/zynq_ultra_ps_e_0/inst/buffer_pl_clk_0.PL_CLK_0_BUFG/O
    X0Y0 (CLOCK_ROOT)    net (fo=728, routed)         1.012     1.150    <hidden>
    SLICE_X0Y32          FDRE                                         r  <hidden>
                         clock pessimism             -0.137     1.013    
    SLICE_X0Y32          FDRE (Hold_EFF2_SLICEL_C_D)
                                                      0.047     1.060    <hidden>
  -------------------------------------------------------------------
                         required time                         -1.060    
                         arrival time                           1.098    
  -------------------------------------------------------------------
                         slack                                  0.038    





Pulse Width Checks
--------------------------------------------------------------------------------------
Clock Name:         clk_pl_0
Waveform(ns):       { 0.000 5.000 }
Period(ns):         10.000
Sources:            { rgb_bd_i/zynq_ultra_ps_e_0/inst/PS8_i/PLCLK[0] }

Check Type        Corner  Lib Pin          Reference Pin  Required(ns)  Actual(ns)  Slack(ns)  Location     Pin
Min Period        n/a     PS8/MAXIGP0ACLK  n/a            3.000         10.000      7.000      PS8_X0Y0     rgb_bd_i/zynq_ultra_ps_e_0/inst/PS8_i/MAXIGP0ACLK
Min Period        n/a     SRL16E/CLK       n/a            1.146         10.000      8.854      SLICE_X5Y46  rgb_bd_i/axi_smc/inst/clk_map/psr_aclk/U0/EXT_LPF/POR_SRL_I/CLK
Min Period        n/a     SRL16E/CLK       n/a            1.146         10.000      8.854      SLICE_X5Y46  rgb_bd_i/rst_ps8_0_100M/U0/EXT_LPF/POR_SRL_I/CLK
Min Period        n/a     FDRE/C           n/a            0.550         10.000      9.450      SLICE_X7Y48  rgb_bd_i/axi_smc/inst/clk_map/psr_aclk/U0/ACTIVE_LOW_BSR_OUT_DFF[0].FDRE_BSR_N/C
Min Period        n/a     FDRE/C           n/a            0.550         10.000      9.450      SLICE_X5Y46  rgb_bd_i/axi_smc/inst/clk_map/psr_aclk/U0/EXT_LPF/lpf_asr_reg/C
Min Period        n/a     FDRE/C           n/a            0.550         10.000      9.450      SLICE_X5Y46  rgb_bd_i/axi_smc/inst/clk_map/psr_aclk/U0/EXT_LPF/lpf_int_reg/C
Min Period        n/a     FDRE/C           n/a            0.550         10.000      9.450      SLICE_X4Y45  rgb_bd_i/axi_smc/inst/clk_map/psr_aclk/U0/EXT_LPF/ACTIVE_LOW_AUX.ACT_LO_AUX/GENERATE_LEVEL_P_S_CDC.SINGLE_BIT.CROSS_PLEVEL_IN2SCNDRY_IN_cdc_to/C
Min Period        n/a     FDRE/C           n/a            0.550         10.000      9.450      SLICE_X4Y45  rgb_bd_i/axi_smc/inst/clk_map/psr_aclk/U0/EXT_LPF/ACTIVE_LOW_AUX.ACT_LO_AUX/GENERATE_LEVEL_P_S_CDC.SINGLE_BIT.CROSS_PLEVEL_IN2SCNDRY_s_level_out_d2/C
Min Period        n/a     FDRE/C           n/a            0.550         10.000      9.450      SLICE_X4Y45  rgb_bd_i/axi_smc/inst/clk_map/psr_aclk/U0/EXT_LPF/ACTIVE_LOW_AUX.ACT_LO_AUX/GENERATE_LEVEL_P_S_CDC.SINGLE_BIT.CROSS_PLEVEL_IN2SCNDRY_s_level_out_d3/C
Min Period        n/a     FDRE/C           n/a            0.550         10.000      9.450      SLICE_X4Y45  rgb_bd_i/axi_smc/inst/clk_map/psr_aclk/U0/EXT_LPF/ACTIVE_LOW_AUX.ACT_LO_AUX/GENERATE_LEVEL_P_S_CDC.SINGLE_BIT.CROSS_PLEVEL_IN2SCNDRY_s_level_out_d4/C
Low Pulse Width   Slow    PS8/MAXIGP0ACLK  n/a            1.500         5.000       3.500      PS8_X0Y0     rgb_bd_i/zynq_ultra_ps_e_0/inst/PS8_i/MAXIGP0ACLK
Low Pulse Width   Fast    PS8/MAXIGP0ACLK  n/a            1.500         5.000       3.500      PS8_X0Y0     rgb_bd_i/zynq_ultra_ps_e_0/inst/PS8_i/MAXIGP0ACLK
Low Pulse Width   Slow    SRL16E/CLK       n/a            0.573         5.000       4.427      SLICE_X5Y46  rgb_bd_i/axi_smc/inst/clk_map/psr_aclk/U0/EXT_LPF/POR_SRL_I/CLK
Low Pulse Width   Fast    SRL16E/CLK       n/a            0.573         5.000       4.427      SLICE_X5Y46  rgb_bd_i/axi_smc/inst/clk_map/psr_aclk/U0/EXT_LPF/POR_SRL_I/CLK
Low Pulse Width   Slow    SRL16E/CLK       n/a            0.573         5.000       4.427      SLICE_X5Y46  rgb_bd_i/rst_ps8_0_100M/U0/EXT_LPF/POR_SRL_I/CLK
Low Pulse Width   Fast    SRL16E/CLK       n/a            0.573         5.000       4.427      SLICE_X5Y46  rgb_bd_i/rst_ps8_0_100M/U0/EXT_LPF/POR_SRL_I/CLK
Low Pulse Width   Slow    FDRE/C           n/a            0.275         5.000       4.725      SLICE_X7Y48  rgb_bd_i/axi_smc/inst/clk_map/psr_aclk/U0/ACTIVE_LOW_BSR_OUT_DFF[0].FDRE_BSR_N/C
Low Pulse Width   Fast    FDRE/C           n/a            0.275         5.000       4.725      SLICE_X7Y48  rgb_bd_i/axi_smc/inst/clk_map/psr_aclk/U0/ACTIVE_LOW_BSR_OUT_DFF[0].FDRE_BSR_N/C
Low Pulse Width   Slow    FDRE/C           n/a            0.275         5.000       4.725      SLICE_X5Y46  rgb_bd_i/axi_smc/inst/clk_map/psr_aclk/U0/EXT_LPF/lpf_asr_reg/C
Low Pulse Width   Fast    FDRE/C           n/a            0.275         5.000       4.725      SLICE_X5Y46  rgb_bd_i/axi_smc/inst/clk_map/psr_aclk/U0/EXT_LPF/lpf_asr_reg/C
High Pulse Width  Slow    PS8/MAXIGP0ACLK  n/a            1.500         5.000       3.500      PS8_X0Y0     rgb_bd_i/zynq_ultra_ps_e_0/inst/PS8_i/MAXIGP0ACLK
High Pulse Width  Fast    PS8/MAXIGP0ACLK  n/a            1.500         5.000       3.500      PS8_X0Y0     rgb_bd_i/zynq_ultra_ps_e_0/inst/PS8_i/MAXIGP0ACLK
High Pulse Width  Slow    SRL16E/CLK       n/a            0.573         5.000       4.427      SLICE_X5Y46  rgb_bd_i/axi_smc/inst/clk_map/psr_aclk/U0/EXT_LPF/POR_SRL_I/CLK
High Pulse Width  Fast    SRL16E/CLK       n/a            0.573         5.000       4.427      SLICE_X5Y46  rgb_bd_i/axi_smc/inst/clk_map/psr_aclk/U0/EXT_LPF/POR_SRL_I/CLK
High Pulse Width  Slow    SRL16E/CLK       n/a            0.573         5.000       4.427      SLICE_X5Y46  rgb_bd_i/rst_ps8_0_100M/U0/EXT_LPF/POR_SRL_I/CLK
High Pulse Width  Fast    SRL16E/CLK       n/a            0.573         5.000       4.427      SLICE_X5Y46  rgb_bd_i/rst_ps8_0_100M/U0/EXT_LPF/POR_SRL_I/CLK
High Pulse Width  Slow    FDRE/C           n/a            0.275         5.000       4.725      SLICE_X7Y48  rgb_bd_i/axi_smc/inst/clk_map/psr_aclk/U0/ACTIVE_LOW_BSR_OUT_DFF[0].FDRE_BSR_N/C
High Pulse Width  Fast    FDRE/C           n/a            0.275         5.000       4.725      SLICE_X7Y48  rgb_bd_i/axi_smc/inst/clk_map/psr_aclk/U0/ACTIVE_LOW_BSR_OUT_DFF[0].FDRE_BSR_N/C
High Pulse Width  Slow    FDRE/C           n/a            0.275         5.000       4.725      SLICE_X5Y46  rgb_bd_i/axi_smc/inst/clk_map/psr_aclk/U0/EXT_LPF/lpf_asr_reg/C
High Pulse Width  Fast    FDRE/C           n/a            0.275         5.000       4.725      SLICE_X5Y46  rgb_bd_i/axi_smc/inst/clk_map/psr_aclk/U0/EXT_LPF/lpf_asr_reg/C



--------------------------------------------------------------------------------------
Path Group:  (none)
From Clock:  
  To Clock:  clk_pl_0

Max Delay             1 Endpoint
Min Delay             1 Endpoint
--------------------------------------------------------------------------------------


Max Delay Paths
--------------------------------------------------------------------------------------
Slack:                    inf
  Source:                 rgb_bd_i/zynq_ultra_ps_e_0/inst/PS8_i/EMIOGPIOO[95]
                            (internal pin)
  Destination:            rgb_bd_i/rst_ps8_0_100M/U0/EXT_LPF/ACTIVE_LOW_EXT.ACT_LO_EXT/GENERATE_LEVEL_P_S_CDC.SINGLE_BIT.CROSS_PLEVEL_IN2SCNDRY_IN_cdc_to/D
                            (rising edge-triggered cell FDRE clocked by clk_pl_0  {rise@0.000ns fall@5.000ns period=10.000ns})
  Path Group:             (none)
  Path Type:              Setup (Max at Slow Process Corner)
  Data Path Delay:        1.879ns  (logic 0.179ns (9.526%)  route 1.700ns (90.474%))
  Logic Levels:           1  (LUT1=1)
  Clock Uncertainty:      0.174ns  ((TSJ^2 + DJ^2)^1/2) / 2 + PE
    Total System Jitter     (TSJ):    0.050ns
    Discrete Jitter          (DJ):    0.344ns
    Phase Error              (PE):    0.000ns
  Clock Net Delay (Destination): 1.531ns (routing 0.765ns, distribution 0.766ns)
  Timing Exception:       False Path

    Location             Delay type                Incr(ns)  Path(ns)    Netlist Resource(s)
  -------------------------------------------------------------------    -------------------
    PS8_X0Y0             PS8                          0.000     0.000 f  rgb_bd_i/zynq_ultra_ps_e_0/inst/PS8_i/EMIOGPIOO[95]
                         net (fo=1, routed)           1.540     1.540    rgb_bd_i/rst_ps8_0_100M/U0/EXT_LPF/ACTIVE_LOW_EXT.ACT_LO_EXT/ext_reset_in
    SLICE_X7Y47          LUT1 (Prop_H6LUT_SLICEL_I0_O)
                                                      0.179     1.719 r  rgb_bd_i/rst_ps8_0_100M/U0/EXT_LPF/ACTIVE_LOW_EXT.ACT_LO_EXT/GENERATE_LEVEL_P_S_CDC.SINGLE_BIT.CROSS_PLEVEL_IN2SCNDRY_IN_cdc_to_i_1/O
                         net (fo=1, routed)           0.160     1.879    rgb_bd_i/rst_ps8_0_100M/U0/EXT_LPF/ACTIVE_LOW_EXT.ACT_LO_EXT/exr_d1
    SLICE_X7Y47          FDRE                                         r  rgb_bd_i/rst_ps8_0_100M/U0/EXT_LPF/ACTIVE_LOW_EXT.ACT_LO_EXT/GENERATE_LEVEL_P_S_CDC.SINGLE_BIT.CROSS_PLEVEL_IN2SCNDRY_IN_cdc_to/D
  -------------------------------------------------------------------    -------------------

                         (clock clk_pl_0 rise edge)
                                                      0.000     0.000 r  
    PS8_X0Y0             PS8                          0.000     0.000 r  rgb_bd_i/zynq_ultra_ps_e_0/inst/PS8_i/PLCLK[0]
                         net (fo=1, routed)           0.140     0.140    rgb_bd_i/zynq_ultra_ps_e_0/inst/pl_clk_unbuffered[0]
    BUFG_PS_X0Y58        BUFG_PS (Prop_BUFG_PS_I_O)
                                                      0.027     0.167 r  rgb_bd_i/zynq_ultra_ps_e_0/inst/buffer_pl_clk_0.PL_CLK_0_BUFG/O
    X0Y0 (CLOCK_ROOT)    net (fo=728, routed)         1.531     1.698    rgb_bd_i/rst_ps8_0_100M/U0/EXT_LPF/ACTIVE_LOW_EXT.ACT_LO_EXT/slowest_sync_clk
    SLICE_X7Y47          FDRE                                         r  rgb_bd_i/rst_ps8_0_100M/U0/EXT_LPF/ACTIVE_LOW_EXT.ACT_LO_EXT/GENERATE_LEVEL_P_S_CDC.SINGLE_BIT.CROSS_PLEVEL_IN2SCNDRY_IN_cdc_to/C





Min Delay Paths
--------------------------------------------------------------------------------------
Slack:                    inf
  Source:                 rgb_bd_i/zynq_ultra_ps_e_0/inst/PS8_i/EMIOGPIOO[95]
                            (internal pin)
  Destination:            rgb_bd_i/rst_ps8_0_100M/U0/EXT_LPF/ACTIVE_LOW_EXT.ACT_LO_EXT/GENERATE_LEVEL_P_S_CDC.SINGLE_BIT.CROSS_PLEVEL_IN2SCNDRY_IN_cdc_to/D
                            (rising edge-triggered cell FDRE clocked by clk_pl_0  {rise@0.000ns fall@5.000ns period=10.000ns})
  Path Group:             (none)
  Path Type:              Hold (Min at Fast Process Corner)
  Data Path Delay:        0.824ns  (logic 0.060ns (7.282%)  route 0.764ns (92.718%))
  Logic Levels:           1  (LUT1=1)
  Clock Uncertainty:      0.174ns  ((TSJ^2 + DJ^2)^1/2) / 2 + PE
    Total System Jitter     (TSJ):    0.050ns
    Discrete Jitter          (DJ):    0.344ns
    Phase Error              (PE):    0.000ns
  Clock Net Delay (Destination): 1.010ns (routing 0.489ns, distribution 0.521ns)
  Timing Exception:       False Path

    Location             Delay type                Incr(ns)  Path(ns)    Netlist Resource(s)
  -------------------------------------------------------------------    -------------------
    PS8_X0Y0             PS8                          0.000     0.000 f  rgb_bd_i/zynq_ultra_ps_e_0/inst/PS8_i/EMIOGPIOO[95]
                         net (fo=1, routed)           0.716     0.716    rgb_bd_i/rst_ps8_0_100M/U0/EXT_LPF/ACTIVE_LOW_EXT.ACT_LO_EXT/ext_reset_in
    SLICE_X7Y47          LUT1 (Prop_H6LUT_SLICEL_I0_O)
                                                      0.060     0.776 r  rgb_bd_i/rst_ps8_0_100M/U0/EXT_LPF/ACTIVE_LOW_EXT.ACT_LO_EXT/GENERATE_LEVEL_P_S_CDC.SINGLE_BIT.CROSS_PLEVEL_IN2SCNDRY_IN_cdc_to_i_1/O
                         net (fo=1, routed)           0.048     0.824    rgb_bd_i/rst_ps8_0_100M/U0/EXT_LPF/ACTIVE_LOW_EXT.ACT_LO_EXT/exr_d1
    SLICE_X7Y47          FDRE                                         r  rgb_bd_i/rst_ps8_0_100M/U0/EXT_LPF/ACTIVE_LOW_EXT.ACT_LO_EXT/GENERATE_LEVEL_P_S_CDC.SINGLE_BIT.CROSS_PLEVEL_IN2SCNDRY_IN_cdc_to/D
  -------------------------------------------------------------------    -------------------

                         (clock clk_pl_0 rise edge)
                                                      0.000     0.000 r  
    PS8_X0Y0             PS8                          0.000     0.000 r  rgb_bd_i/zynq_ultra_ps_e_0/inst/PS8_i/PLCLK[0]
                         net (fo=1, routed)           0.120     0.120    rgb_bd_i/zynq_ultra_ps_e_0/inst/pl_clk_unbuffered[0]
    BUFG_PS_X0Y58        BUFG_PS (Prop_BUFG_PS_I_O)
                                                      0.018     0.138 r  rgb_bd_i/zynq_ultra_ps_e_0/inst/buffer_pl_clk_0.PL_CLK_0_BUFG/O
    X0Y0 (CLOCK_ROOT)    net (fo=728, routed)         1.010     1.148    rgb_bd_i/rst_ps8_0_100M/U0/EXT_LPF/ACTIVE_LOW_EXT.ACT_LO_EXT/slowest_sync_clk
    SLICE_X7Y47          FDRE                                         r  rgb_bd_i/rst_ps8_0_100M/U0/EXT_LPF/ACTIVE_LOW_EXT.ACT_LO_EXT/GENERATE_LEVEL_P_S_CDC.SINGLE_BIT.CROSS_PLEVEL_IN2SCNDRY_IN_cdc_to/C





--------------------------------------------------------------------------------------
Path Group:  (none)
From Clock:  clk_pl_0
  To Clock:  clk_pl_0

Max Delay            28 Endpoints
Min Delay            28 Endpoints
--------------------------------------------------------------------------------------


Max Delay Paths
--------------------------------------------------------------------------------------
Slack:                    inf
  Source:                 rgb_bd_i/axi_smc/inst/clk_map/psr_aclk/U0/ACTIVE_LOW_BSR_OUT_DFF[0].FDRE_BSR_N/C
                            (rising edge-triggered cell FDRE clocked by clk_pl_0  {rise@0.000ns fall@5.000ns period=10.000ns})
  Destination:            <hidden>
                            (recovery check against rising-edge clock clk_pl_0  {rise@0.000ns fall@5.000ns period=10.000ns})
  Path Group:             (none)
  Path Type:              Recovery (Max at Slow Process Corner)
  Data Path Delay:        1.039ns  (logic 0.096ns (9.241%)  route 0.943ns (90.759%))
  Logic Levels:           0  
  Clock Path Skew:        -0.259ns (DCD - SCD + CPR)
    Destination Clock Delay (DCD):    1.700ns
    Source Clock Delay      (SCD):    1.959ns
    Clock Pessimism Removal (CPR):    0.000ns
  Clock Uncertainty:      0.176ns  ((TSJ^2 + DJ^2)^1/2) / 2 + PE
    Total System Jitter     (TSJ):    0.071ns
    Discrete Jitter          (DJ):    0.344ns
    Phase Error              (PE):    0.000ns
  Clock Net Delay (Source):      1.752ns (routing 0.846ns, distribution 0.906ns)
  Clock Net Delay (Destination): 1.533ns (routing 0.765ns, distribution 0.768ns)
  Timing Exception:       False Path

    Location             Delay type                Incr(ns)  Path(ns)    Netlist Resource(s)
  -------------------------------------------------------------------    -------------------
                         (clock clk_pl_0 rise edge)
                                                      0.000     0.000 r  
    PS8_X0Y0             PS8                          0.000     0.000 r  rgb_bd_i/zynq_ultra_ps_e_0/inst/PS8_i/PLCLK[0]
                         net (fo=1, routed)           0.178     0.178    rgb_bd_i/zynq_ultra_ps_e_0/inst/pl_clk_unbuffered[0]
    BUFG_PS_X0Y58        BUFG_PS (Prop_BUFG_PS_I_O)
                                                      0.029     0.207 r  rgb_bd_i/zynq_ultra_ps_e_0/inst/buffer_pl_clk_0.PL_CLK_0_BUFG/O
    X0Y0 (CLOCK_ROOT)    net (fo=728, routed)         1.752     1.959    rgb_bd_i/axi_smc/inst/clk_map/psr_aclk/U0/aclk
    SLICE_X7Y48          FDRE                                         r  rgb_bd_i/axi_smc/inst/clk_map/psr_aclk/U0/ACTIVE_LOW_BSR_OUT_DFF[0].FDRE_BSR_N/C
  -------------------------------------------------------------------    -------------------
    SLICE_X7Y48          FDRE (Prop_HFF_SLICEL_C_Q)
                                                      0.096     2.055 r  rgb_bd_i/axi_smc/inst/clk_map/psr_aclk/U0/ACTIVE_LOW_BSR_OUT_DFF[0].FDRE_BSR_N/Q
                         net (fo=27, routed)          0.943     2.998    <hidden>
    SLICE_X3Y40          FDCE                                         f  <hidden>  (IS_INVERTED)
  -------------------------------------------------------------------    -------------------

                         (clock clk_pl_0 rise edge)
                                                      0.000     0.000 r  
    PS8_X0Y0             PS8                          0.000     0.000 r  rgb_bd_i/zynq_ultra_ps_e_0/inst/PS8_i/PLCLK[0]
                         net (fo=1, routed)           0.140     0.140    rgb_bd_i/zynq_ultra_ps_e_0/inst/pl_clk_unbuffered[0]
    BUFG_PS_X0Y58        BUFG_PS (Prop_BUFG_PS_I_O)
                                                      0.027     0.167 r  rgb_bd_i/zynq_ultra_ps_e_0/inst/buffer_pl_clk_0.PL_CLK_0_BUFG/O
    X0Y0 (CLOCK_ROOT)    net (fo=728, routed)         1.533     1.700    <hidden>
    SLICE_X3Y40          FDCE                                         r  <hidden>

Slack:                    inf
  Source:                 rgb_bd_i/axi_smc/inst/clk_map/psr_aclk/U0/ACTIVE_LOW_BSR_OUT_DFF[0].FDRE_BSR_N/C
                            (rising edge-triggered cell FDRE clocked by clk_pl_0  {rise@0.000ns fall@5.000ns period=10.000ns})
  Destination:            <hidden>
                            (recovery check against rising-edge clock clk_pl_0  {rise@0.000ns fall@5.000ns period=10.000ns})
  Path Group:             (none)
  Path Type:              Recovery (Max at Slow Process Corner)
  Data Path Delay:        1.039ns  (logic 0.096ns (9.241%)  route 0.943ns (90.759%))
  Logic Levels:           0  
  Clock Path Skew:        -0.259ns (DCD - SCD + CPR)
    Destination Clock Delay (DCD):    1.700ns
    Source Clock Delay      (SCD):    1.959ns
    Clock Pessimism Removal (CPR):    0.000ns
  Clock Uncertainty:      0.176ns  ((TSJ^2 + DJ^2)^1/2) / 2 + PE
    Total System Jitter     (TSJ):    0.071ns
    Discrete Jitter          (DJ):    0.344ns
    Phase Error              (PE):    0.000ns
  Clock Net Delay (Source):      1.752ns (routing 0.846ns, distribution 0.906ns)
  Clock Net Delay (Destination): 1.533ns (routing 0.765ns, distribution 0.768ns)
  Timing Exception:       False Path

    Location             Delay type                Incr(ns)  Path(ns)    Netlist Resource(s)
  -------------------------------------------------------------------    -------------------
                         (clock clk_pl_0 rise edge)
                                                      0.000     0.000 r  
    PS8_X0Y0             PS8                          0.000     0.000 r  rgb_bd_i/zynq_ultra_ps_e_0/inst/PS8_i/PLCLK[0]
                         net (fo=1, routed)           0.178     0.178    rgb_bd_i/zynq_ultra_ps_e_0/inst/pl_clk_unbuffered[0]
    BUFG_PS_X0Y58        BUFG_PS (Prop_BUFG_PS_I_O)
                                                      0.029     0.207 r  rgb_bd_i/zynq_ultra_ps_e_0/inst/buffer_pl_clk_0.PL_CLK_0_BUFG/O
    X0Y0 (CLOCK_ROOT)    net (fo=728, routed)         1.752     1.959    rgb_bd_i/axi_smc/inst/clk_map/psr_aclk/U0/aclk
    SLICE_X7Y48          FDRE                                         r  rgb_bd_i/axi_smc/inst/clk_map/psr_aclk/U0/ACTIVE_LOW_BSR_OUT_DFF[0].FDRE_BSR_N/C
  -------------------------------------------------------------------    -------------------
    SLICE_X7Y48          FDRE (Prop_HFF_SLICEL_C_Q)
                                                      0.096     2.055 r  rgb_bd_i/axi_smc/inst/clk_map/psr_aclk/U0/ACTIVE_LOW_BSR_OUT_DFF[0].FDRE_BSR_N/Q
                         net (fo=27, routed)          0.943     2.998    <hidden>
    SLICE_X3Y40          FDCE                                         f  <hidden>  (IS_INVERTED)
  -------------------------------------------------------------------    -------------------

                         (clock clk_pl_0 rise edge)
                                                      0.000     0.000 r  
    PS8_X0Y0             PS8                          0.000     0.000 r  rgb_bd_i/zynq_ultra_ps_e_0/inst/PS8_i/PLCLK[0]
                         net (fo=1, routed)           0.140     0.140    rgb_bd_i/zynq_ultra_ps_e_0/inst/pl_clk_unbuffered[0]
    BUFG_PS_X0Y58        BUFG_PS (Prop_BUFG_PS_I_O)
                                                      0.027     0.167 r  rgb_bd_i/zynq_ultra_ps_e_0/inst/buffer_pl_clk_0.PL_CLK_0_BUFG/O
    X0Y0 (CLOCK_ROOT)    net (fo=728, routed)         1.533     1.700    <hidden>
    SLICE_X3Y40          FDCE                                         r  <hidden>

Slack:                    inf
  Source:                 rgb_bd_i/axi_smc/inst/clk_map/psr_aclk/U0/ACTIVE_LOW_BSR_OUT_DFF[0].FDRE_BSR_N/C
                            (rising edge-triggered cell FDRE clocked by clk_pl_0  {rise@0.000ns fall@5.000ns period=10.000ns})
  Destination:            <hidden>
                            (recovery check against rising-edge clock clk_pl_0  {rise@0.000ns fall@5.000ns period=10.000ns})
  Path Group:             (none)
  Path Type:              Recovery (Max at Slow Process Corner)
  Data Path Delay:        1.039ns  (logic 0.096ns (9.241%)  route 0.943ns (90.759%))
  Logic Levels:           0  
  Clock Path Skew:        -0.259ns (DCD - SCD + CPR)
    Destination Clock Delay (DCD):    1.700ns
    Source Clock Delay      (SCD):    1.959ns
    Clock Pessimism Removal (CPR):    0.000ns
  Clock Uncertainty:      0.176ns  ((TSJ^2 + DJ^2)^1/2) / 2 + PE
    Total System Jitter     (TSJ):    0.071ns
    Discrete Jitter          (DJ):    0.344ns
    Phase Error              (PE):    0.000ns
  Clock Net Delay (Source):      1.752ns (routing 0.846ns, distribution 0.906ns)
  Clock Net Delay (Destination): 1.533ns (routing 0.765ns, distribution 0.768ns)
  Timing Exception:       False Path

    Location             Delay type                Incr(ns)  Path(ns)    Netlist Resource(s)
  -------------------------------------------------------------------    -------------------
                         (clock clk_pl_0 rise edge)
                                                      0.000     0.000 r  
    PS8_X0Y0             PS8                          0.000     0.000 r  rgb_bd_i/zynq_ultra_ps_e_0/inst/PS8_i/PLCLK[0]
                         net (fo=1, routed)           0.178     0.178    rgb_bd_i/zynq_ultra_ps_e_0/inst/pl_clk_unbuffered[0]
    BUFG_PS_X0Y58        BUFG_PS (Prop_BUFG_PS_I_O)
                                                      0.029     0.207 r  rgb_bd_i/zynq_ultra_ps_e_0/inst/buffer_pl_clk_0.PL_CLK_0_BUFG/O
    X0Y0 (CLOCK_ROOT)    net (fo=728, routed)         1.752     1.959    rgb_bd_i/axi_smc/inst/clk_map/psr_aclk/U0/aclk
    SLICE_X7Y48          FDRE                                         r  rgb_bd_i/axi_smc/inst/clk_map/psr_aclk/U0/ACTIVE_LOW_BSR_OUT_DFF[0].FDRE_BSR_N/C
  -------------------------------------------------------------------    -------------------
    SLICE_X7Y48          FDRE (Prop_HFF_SLICEL_C_Q)
                                                      0.096     2.055 r  rgb_bd_i/axi_smc/inst/clk_map/psr_aclk/U0/ACTIVE_LOW_BSR_OUT_DFF[0].FDRE_BSR_N/Q
                         net (fo=27, routed)          0.943     2.998    <hidden>
    SLICE_X3Y40          FDCE                                         f  <hidden>  (IS_INVERTED)
  -------------------------------------------------------------------    -------------------

                         (clock clk_pl_0 rise edge)
                                                      0.000     0.000 r  
    PS8_X0Y0             PS8                          0.000     0.000 r  rgb_bd_i/zynq_ultra_ps_e_0/inst/PS8_i/PLCLK[0]
                         net (fo=1, routed)           0.140     0.140    rgb_bd_i/zynq_ultra_ps_e_0/inst/pl_clk_unbuffered[0]
    BUFG_PS_X0Y58        BUFG_PS (Prop_BUFG_PS_I_O)
                                                      0.027     0.167 r  rgb_bd_i/zynq_ultra_ps_e_0/inst/buffer_pl_clk_0.PL_CLK_0_BUFG/O
    X0Y0 (CLOCK_ROOT)    net (fo=728, routed)         1.533     1.700    <hidden>
    SLICE_X3Y40          FDCE                                         r  <hidden>

Slack:                    inf
  Source:                 rgb_bd_i/rst_ps8_0_100M/U0/ACTIVE_LOW_PR_OUT_DFF[0].FDRE_PER_N/C
                            (rising edge-triggered cell FDRE clocked by clk_pl_0  {rise@0.000ns fall@5.000ns period=10.000ns})
  Destination:            rgb_bd_i/axi_smc/inst/clk_map/psr_aclk/U0/EXT_LPF/ACTIVE_LOW_AUX.ACT_LO_AUX/GENERATE_LEVEL_P_S_CDC.SINGLE_BIT.CROSS_PLEVEL_IN2SCNDRY_IN_cdc_to/D
                            (rising edge-triggered cell FDRE clocked by clk_pl_0  {rise@0.000ns fall@5.000ns period=10.000ns})
  Path Group:             (none)
  Path Type:              Setup (Max at Slow Process Corner)
  Data Path Delay:        0.957ns  (logic 0.187ns (19.548%)  route 0.770ns (80.452%))
  Logic Levels:           1  (LUT1=1)
  Clock Path Skew:        -0.277ns (DCD - SCD + CPR)
    Destination Clock Delay (DCD):    1.709ns
    Source Clock Delay      (SCD):    1.986ns
    Clock Pessimism Removal (CPR):    0.000ns
  Clock Uncertainty:      0.176ns  ((TSJ^2 + DJ^2)^1/2) / 2 + PE
    Total System Jitter     (TSJ):    0.071ns
    Discrete Jitter          (DJ):    0.344ns
    Phase Error              (PE):    0.000ns
  Clock Net Delay (Source):      1.779ns (routing 0.846ns, distribution 0.933ns)
  Clock Net Delay (Destination): 1.542ns (routing 0.765ns, distribution 0.777ns)
  Timing Exception:       False Path

    Location             Delay type                Incr(ns)  Path(ns)    Netlist Resource(s)
  -------------------------------------------------------------------    -------------------
                         (clock clk_pl_0 rise edge)
                                                      0.000     0.000 r  
    PS8_X0Y0             PS8                          0.000     0.000 r  rgb_bd_i/zynq_ultra_ps_e_0/inst/PS8_i/PLCLK[0]
                         net (fo=1, routed)           0.178     0.178    rgb_bd_i/zynq_ultra_ps_e_0/inst/pl_clk_unbuffered[0]
    BUFG_PS_X0Y58        BUFG_PS (Prop_BUFG_PS_I_O)
                                                      0.029     0.207 r  rgb_bd_i/zynq_ultra_ps_e_0/inst/buffer_pl_clk_0.PL_CLK_0_BUFG/O
    X0Y0 (CLOCK_ROOT)    net (fo=728, routed)         1.779     1.986    rgb_bd_i/rst_ps8_0_100M/U0/slowest_sync_clk
    SLICE_X5Y40          FDRE                                         r  rgb_bd_i/rst_ps8_0_100M/U0/ACTIVE_LOW_PR_OUT_DFF[0].FDRE_PER_N/C
  -------------------------------------------------------------------    -------------------
    SLICE_X5Y40          FDRE (Prop_HFF_SLICEM_C_Q)
                                                      0.096     2.082 f  rgb_bd_i/rst_ps8_0_100M/U0/ACTIVE_LOW_PR_OUT_DFF[0].FDRE_PER_N/Q
                         net (fo=4, routed)           0.323     2.405    rgb_bd_i/axi_smc/inst/clk_map/psr_aclk/U0/EXT_LPF/ACTIVE_LOW_AUX.ACT_LO_AUX/aresetn
    SLICE_X4Y45          LUT1 (Prop_F5LUT_SLICEM_I0_O)
                                                      0.091     2.496 r  rgb_bd_i/axi_smc/inst/clk_map/psr_aclk/U0/EXT_LPF/ACTIVE_LOW_AUX.ACT_LO_AUX/GENERATE_LEVEL_P_S_CDC.SINGLE_BIT.CROSS_PLEVEL_IN2SCNDRY_IN_cdc_to_i_1/O
                         net (fo=1, routed)           0.447     2.943    rgb_bd_i/axi_smc/inst/clk_map/psr_aclk/U0/EXT_LPF/ACTIVE_LOW_AUX.ACT_LO_AUX/asr_d1
    SLICE_X4Y45          FDRE                                         r  rgb_bd_i/axi_smc/inst/clk_map/psr_aclk/U0/EXT_LPF/ACTIVE_LOW_AUX.ACT_LO_AUX/GENERATE_LEVEL_P_S_CDC.SINGLE_BIT.CROSS_PLEVEL_IN2SCNDRY_IN_cdc_to/D
  -------------------------------------------------------------------    -------------------

                         (clock clk_pl_0 rise edge)
                                                      0.000     0.000 r  
    PS8_X0Y0             PS8                          0.000     0.000 r  rgb_bd_i/zynq_ultra_ps_e_0/inst/PS8_i/PLCLK[0]
                         net (fo=1, routed)           0.140     0.140    rgb_bd_i/zynq_ultra_ps_e_0/inst/pl_clk_unbuffered[0]
    BUFG_PS_X0Y58        BUFG_PS (Prop_BUFG_PS_I_O)
                                                      0.027     0.167 r  rgb_bd_i/zynq_ultra_ps_e_0/inst/buffer_pl_clk_0.PL_CLK_0_BUFG/O
    X0Y0 (CLOCK_ROOT)    net (fo=728, routed)         1.542     1.709    rgb_bd_i/axi_smc/inst/clk_map/psr_aclk/U0/EXT_LPF/ACTIVE_LOW_AUX.ACT_LO_AUX/aclk
    SLICE_X4Y45          FDRE                                         r  rgb_bd_i/axi_smc/inst/clk_map/psr_aclk/U0/EXT_LPF/ACTIVE_LOW_AUX.ACT_LO_AUX/GENERATE_LEVEL_P_S_CDC.SINGLE_BIT.CROSS_PLEVEL_IN2SCNDRY_IN_cdc_to/C

Slack:                    inf
  Source:                 rgb_bd_i/axi_smc/inst/clk_map/psr_aclk/U0/ACTIVE_LOW_BSR_OUT_DFF[0].FDRE_BSR_N/C
                            (rising edge-triggered cell FDRE clocked by clk_pl_0  {rise@0.000ns fall@5.000ns period=10.000ns})
  Destination:            <hidden>
                            (recovery check against rising-edge clock clk_pl_0  {rise@0.000ns fall@5.000ns period=10.000ns})
  Path Group:             (none)
  Path Type:              Recovery (Max at Slow Process Corner)
  Data Path Delay:        0.856ns  (logic 0.096ns (11.221%)  route 0.760ns (88.779%))
  Logic Levels:           0  
  Clock Path Skew:        -0.255ns (DCD - SCD + CPR)
    Destination Clock Delay (DCD):    1.704ns
    Source Clock Delay      (SCD):    1.959ns
    Clock Pessimism Removal (CPR):    0.000ns
  Clock Uncertainty:      0.176ns  ((TSJ^2 + DJ^2)^1/2) / 2 + PE
    Total System Jitter     (TSJ):    0.071ns
    Discrete Jitter          (DJ):    0.344ns
    Phase Error              (PE):    0.000ns
  Clock Net Delay (Source):      1.752ns (routing 0.846ns, distribution 0.906ns)
  Clock Net Delay (Destination): 1.537ns (routing 0.765ns, distribution 0.772ns)
  Timing Exception:       False Path

    Location             Delay type                Incr(ns)  Path(ns)    Netlist Resource(s)
  -------------------------------------------------------------------    -------------------
                         (clock clk_pl_0 rise edge)
                                                      0.000     0.000 r  
    PS8_X0Y0             PS8                          0.000     0.000 r  rgb_bd_i/zynq_ultra_ps_e_0/inst/PS8_i/PLCLK[0]
                         net (fo=1, routed)           0.178     0.178    rgb_bd_i/zynq_ultra_ps_e_0/inst/pl_clk_unbuffered[0]
    BUFG_PS_X0Y58        BUFG_PS (Prop_BUFG_PS_I_O)
                                                      0.029     0.207 r  rgb_bd_i/zynq_ultra_ps_e_0/inst/buffer_pl_clk_0.PL_CLK_0_BUFG/O
    X0Y0 (CLOCK_ROOT)    net (fo=728, routed)         1.752     1.959    rgb_bd_i/axi_smc/inst/clk_map/psr_aclk/U0/aclk
    SLICE_X7Y48          FDRE                                         r  rgb_bd_i/axi_smc/inst/clk_map/psr_aclk/U0/ACTIVE_LOW_BSR_OUT_DFF[0].FDRE_BSR_N/C
  -------------------------------------------------------------------    -------------------
    SLICE_X7Y48          FDRE (Prop_HFF_SLICEL_C_Q)
                                                      0.096     2.055 r  rgb_bd_i/axi_smc/inst/clk_map/psr_aclk/U0/ACTIVE_LOW_BSR_OUT_DFF[0].FDRE_BSR_N/Q
                         net (fo=27, routed)          0.760     2.815    <hidden>
    SLICE_X4Y40          FDCE                                         f  <hidden>  (IS_INVERTED)
  -------------------------------------------------------------------    -------------------

                         (clock clk_pl_0 rise edge)
                                                      0.000     0.000 r  
    PS8_X0Y0             PS8                          0.000     0.000 r  rgb_bd_i/zynq_ultra_ps_e_0/inst/PS8_i/PLCLK[0]
                         net (fo=1, routed)           0.140     0.140    rgb_bd_i/zynq_ultra_ps_e_0/inst/pl_clk_unbuffered[0]
    BUFG_PS_X0Y58        BUFG_PS (Prop_BUFG_PS_I_O)
                                                      0.027     0.167 r  rgb_bd_i/zynq_ultra_ps_e_0/inst/buffer_pl_clk_0.PL_CLK_0_BUFG/O
    X0Y0 (CLOCK_ROOT)    net (fo=728, routed)         1.537     1.704    <hidden>
    SLICE_X4Y40          FDCE                                         r  <hidden>

Slack:                    inf
  Source:                 rgb_bd_i/axi_smc/inst/clk_map/psr_aclk/U0/ACTIVE_LOW_BSR_OUT_DFF[0].FDRE_BSR_N/C
                            (rising edge-triggered cell FDRE clocked by clk_pl_0  {rise@0.000ns fall@5.000ns period=10.000ns})
  Destination:            <hidden>
                            (recovery check against rising-edge clock clk_pl_0  {rise@0.000ns fall@5.000ns period=10.000ns})
  Path Group:             (none)
  Path Type:              Recovery (Max at Slow Process Corner)
  Data Path Delay:        0.856ns  (logic 0.096ns (11.221%)  route 0.760ns (88.779%))
  Logic Levels:           0  
  Clock Path Skew:        -0.255ns (DCD - SCD + CPR)
    Destination Clock Delay (DCD):    1.704ns
    Source Clock Delay      (SCD):    1.959ns
    Clock Pessimism Removal (CPR):    0.000ns
  Clock Uncertainty:      0.176ns  ((TSJ^2 + DJ^2)^1/2) / 2 + PE
    Total System Jitter     (TSJ):    0.071ns
    Discrete Jitter          (DJ):    0.344ns
    Phase Error              (PE):    0.000ns
  Clock Net Delay (Source):      1.752ns (routing 0.846ns, distribution 0.906ns)
  Clock Net Delay (Destination): 1.537ns (routing 0.765ns, distribution 0.772ns)
  Timing Exception:       False Path

    Location             Delay type                Incr(ns)  Path(ns)    Netlist Resource(s)
  -------------------------------------------------------------------    -------------------
                         (clock clk_pl_0 rise edge)
                                                      0.000     0.000 r  
    PS8_X0Y0             PS8                          0.000     0.000 r  rgb_bd_i/zynq_ultra_ps_e_0/inst/PS8_i/PLCLK[0]
                         net (fo=1, routed)           0.178     0.178    rgb_bd_i/zynq_ultra_ps_e_0/inst/pl_clk_unbuffered[0]
    BUFG_PS_X0Y58        BUFG_PS (Prop_BUFG_PS_I_O)
                                                      0.029     0.207 r  rgb_bd_i/zynq_ultra_ps_e_0/inst/buffer_pl_clk_0.PL_CLK_0_BUFG/O
    X0Y0 (CLOCK_ROOT)    net (fo=728, routed)         1.752     1.959    rgb_bd_i/axi_smc/inst/clk_map/psr_aclk/U0/aclk
    SLICE_X7Y48          FDRE                                         r  rgb_bd_i/axi_smc/inst/clk_map/psr_aclk/U0/ACTIVE_LOW_BSR_OUT_DFF[0].FDRE_BSR_N/C
  -------------------------------------------------------------------    -------------------
    SLICE_X7Y48          FDRE (Prop_HFF_SLICEL_C_Q)
                                                      0.096     2.055 r  rgb_bd_i/axi_smc/inst/clk_map/psr_aclk/U0/ACTIVE_LOW_BSR_OUT_DFF[0].FDRE_BSR_N/Q
                         net (fo=27, routed)          0.760     2.815    <hidden>
    SLICE_X4Y40          FDCE                                         f  <hidden>  (IS_INVERTED)
  -------------------------------------------------------------------    -------------------

                         (clock clk_pl_0 rise edge)
                                                      0.000     0.000 r  
    PS8_X0Y0             PS8                          0.000     0.000 r  rgb_bd_i/zynq_ultra_ps_e_0/inst/PS8_i/PLCLK[0]
                         net (fo=1, routed)           0.140     0.140    rgb_bd_i/zynq_ultra_ps_e_0/inst/pl_clk_unbuffered[0]
    BUFG_PS_X0Y58        BUFG_PS (Prop_BUFG_PS_I_O)
                                                      0.027     0.167 r  rgb_bd_i/zynq_ultra_ps_e_0/inst/buffer_pl_clk_0.PL_CLK_0_BUFG/O
    X0Y0 (CLOCK_ROOT)    net (fo=728, routed)         1.537     1.704    <hidden>
    SLICE_X4Y40          FDCE                                         r  <hidden>

Slack:                    inf
  Source:                 rgb_bd_i/axi_smc/inst/clk_map/psr_aclk/U0/ACTIVE_LOW_BSR_OUT_DFF[0].FDRE_BSR_N/C
                            (rising edge-triggered cell FDRE clocked by clk_pl_0  {rise@0.000ns fall@5.000ns period=10.000ns})
  Destination:            <hidden>
                            (recovery check against rising-edge clock clk_pl_0  {rise@0.000ns fall@5.000ns period=10.000ns})
  Path Group:             (none)
  Path Type:              Recovery (Max at Slow Process Corner)
  Data Path Delay:        0.856ns  (logic 0.096ns (11.221%)  route 0.760ns (88.779%))
  Logic Levels:           0  
  Clock Path Skew:        -0.255ns (DCD - SCD + CPR)
    Destination Clock Delay (DCD):    1.704ns
    Source Clock Delay      (SCD):    1.959ns
    Clock Pessimism Removal (CPR):    0.000ns
  Clock Uncertainty:      0.176ns  ((TSJ^2 + DJ^2)^1/2) / 2 + PE
    Total System Jitter     (TSJ):    0.071ns
    Discrete Jitter          (DJ):    0.344ns
    Phase Error              (PE):    0.000ns
  Clock Net Delay (Source):      1.752ns (routing 0.846ns, distribution 0.906ns)
  Clock Net Delay (Destination): 1.537ns (routing 0.765ns, distribution 0.772ns)
  Timing Exception:       False Path

    Location             Delay type                Incr(ns)  Path(ns)    Netlist Resource(s)
  -------------------------------------------------------------------    -------------------
                         (clock clk_pl_0 rise edge)
                                                      0.000     0.000 r  
    PS8_X0Y0             PS8                          0.000     0.000 r  rgb_bd_i/zynq_ultra_ps_e_0/inst/PS8_i/PLCLK[0]
                         net (fo=1, routed)           0.178     0.178    rgb_bd_i/zynq_ultra_ps_e_0/inst/pl_clk_unbuffered[0]
    BUFG_PS_X0Y58        BUFG_PS (Prop_BUFG_PS_I_O)
                                                      0.029     0.207 r  rgb_bd_i/zynq_ultra_ps_e_0/inst/buffer_pl_clk_0.PL_CLK_0_BUFG/O
    X0Y0 (CLOCK_ROOT)    net (fo=728, routed)         1.752     1.959    rgb_bd_i/axi_smc/inst/clk_map/psr_aclk/U0/aclk
    SLICE_X7Y48          FDRE                                         r  rgb_bd_i/axi_smc/inst/clk_map/psr_aclk/U0/ACTIVE_LOW_BSR_OUT_DFF[0].FDRE_BSR_N/C
  -------------------------------------------------------------------    -------------------
    SLICE_X7Y48          FDRE (Prop_HFF_SLICEL_C_Q)
                                                      0.096     2.055 r  rgb_bd_i/axi_smc/inst/clk_map/psr_aclk/U0/ACTIVE_LOW_BSR_OUT_DFF[0].FDRE_BSR_N/Q
                         net (fo=27, routed)          0.760     2.815    <hidden>
    SLICE_X4Y40          FDCE                                         f  <hidden>  (IS_INVERTED)
  -------------------------------------------------------------------    -------------------

                         (clock clk_pl_0 rise edge)
                                                      0.000     0.000 r  
    PS8_X0Y0             PS8                          0.000     0.000 r  rgb_bd_i/zynq_ultra_ps_e_0/inst/PS8_i/PLCLK[0]
                         net (fo=1, routed)           0.140     0.140    rgb_bd_i/zynq_ultra_ps_e_0/inst/pl_clk_unbuffered[0]
    BUFG_PS_X0Y58        BUFG_PS (Prop_BUFG_PS_I_O)
                                                      0.027     0.167 r  rgb_bd_i/zynq_ultra_ps_e_0/inst/buffer_pl_clk_0.PL_CLK_0_BUFG/O
    X0Y0 (CLOCK_ROOT)    net (fo=728, routed)         1.537     1.704    <hidden>
    SLICE_X4Y40          FDCE                                         r  <hidden>

Slack:                    inf
  Source:                 rgb_bd_i/axi_smc/inst/clk_map/psr_aclk/U0/ACTIVE_LOW_BSR_OUT_DFF[0].FDRE_BSR_N/C
                            (rising edge-triggered cell FDRE clocked by clk_pl_0  {rise@0.000ns fall@5.000ns period=10.000ns})
  Destination:            <hidden>
                            (recovery check against rising-edge clock clk_pl_0  {rise@0.000ns fall@5.000ns period=10.000ns})
  Path Group:             (none)
  Path Type:              Recovery (Max at Slow Process Corner)
  Data Path Delay:        0.854ns  (logic 0.096ns (11.247%)  route 0.758ns (88.753%))
  Logic Levels:           0  
  Clock Path Skew:        -0.255ns (DCD - SCD + CPR)
    Destination Clock Delay (DCD):    1.704ns
    Source Clock Delay      (SCD):    1.959ns
    Clock Pessimism Removal (CPR):    0.000ns
  Clock Uncertainty:      0.176ns  ((TSJ^2 + DJ^2)^1/2) / 2 + PE
    Total System Jitter     (TSJ):    0.071ns
    Discrete Jitter          (DJ):    0.344ns
    Phase Error              (PE):    0.000ns
  Clock Net Delay (Source):      1.752ns (routing 0.846ns, distribution 0.906ns)
  Clock Net Delay (Destination): 1.537ns (routing 0.765ns, distribution 0.772ns)
  Timing Exception:       False Path

    Location             Delay type                Incr(ns)  Path(ns)    Netlist Resource(s)
  -------------------------------------------------------------------    -------------------
                         (clock clk_pl_0 rise edge)
                                                      0.000     0.000 r  
    PS8_X0Y0             PS8                          0.000     0.000 r  rgb_bd_i/zynq_ultra_ps_e_0/inst/PS8_i/PLCLK[0]
                         net (fo=1, routed)           0.178     0.178    rgb_bd_i/zynq_ultra_ps_e_0/inst/pl_clk_unbuffered[0]
    BUFG_PS_X0Y58        BUFG_PS (Prop_BUFG_PS_I_O)
                                                      0.029     0.207 r  rgb_bd_i/zynq_ultra_ps_e_0/inst/buffer_pl_clk_0.PL_CLK_0_BUFG/O
    X0Y0 (CLOCK_ROOT)    net (fo=728, routed)         1.752     1.959    rgb_bd_i/axi_smc/inst/clk_map/psr_aclk/U0/aclk
    SLICE_X7Y48          FDRE                                         r  rgb_bd_i/axi_smc/inst/clk_map/psr_aclk/U0/ACTIVE_LOW_BSR_OUT_DFF[0].FDRE_BSR_N/C
  -------------------------------------------------------------------    -------------------
    SLICE_X7Y48          FDRE (Prop_HFF_SLICEL_C_Q)
                                                      0.096     2.055 r  rgb_bd_i/axi_smc/inst/clk_map/psr_aclk/U0/ACTIVE_LOW_BSR_OUT_DFF[0].FDRE_BSR_N/Q
                         net (fo=27, routed)          0.758     2.813    <hidden>
    SLICE_X4Y40          FDCE                                         f  <hidden>  (IS_INVERTED)
  -------------------------------------------------------------------    -------------------

                         (clock clk_pl_0 rise edge)
                                                      0.000     0.000 r  
    PS8_X0Y0             PS8                          0.000     0.000 r  rgb_bd_i/zynq_ultra_ps_e_0/inst/PS8_i/PLCLK[0]
                         net (fo=1, routed)           0.140     0.140    rgb_bd_i/zynq_ultra_ps_e_0/inst/pl_clk_unbuffered[0]
    BUFG_PS_X0Y58        BUFG_PS (Prop_BUFG_PS_I_O)
                                                      0.027     0.167 r  rgb_bd_i/zynq_ultra_ps_e_0/inst/buffer_pl_clk_0.PL_CLK_0_BUFG/O
    X0Y0 (CLOCK_ROOT)    net (fo=728, routed)         1.537     1.704    <hidden>
    SLICE_X4Y40          FDCE                                         r  <hidden>

Slack:                    inf
  Source:                 rgb_bd_i/axi_smc/inst/clk_map/psr_aclk/U0/ACTIVE_LOW_BSR_OUT_DFF[0].FDRE_BSR_N/C
                            (rising edge-triggered cell FDRE clocked by clk_pl_0  {rise@0.000ns fall@5.000ns period=10.000ns})
  Destination:            <hidden>
                            (recovery check against rising-edge clock clk_pl_0  {rise@0.000ns fall@5.000ns period=10.000ns})
  Path Group:             (none)
  Path Type:              Recovery (Max at Slow Process Corner)
  Data Path Delay:        0.854ns  (logic 0.096ns (11.247%)  route 0.758ns (88.753%))
  Logic Levels:           0  
  Clock Path Skew:        -0.255ns (DCD - SCD + CPR)
    Destination Clock Delay (DCD):    1.704ns
    Source Clock Delay      (SCD):    1.959ns
    Clock Pessimism Removal (CPR):    0.000ns
  Clock Uncertainty:      0.176ns  ((TSJ^2 + DJ^2)^1/2) / 2 + PE
    Total System Jitter     (TSJ):    0.071ns
    Discrete Jitter          (DJ):    0.344ns
    Phase Error              (PE):    0.000ns
  Clock Net Delay (Source):      1.752ns (routing 0.846ns, distribution 0.906ns)
  Clock Net Delay (Destination): 1.537ns (routing 0.765ns, distribution 0.772ns)
  Timing Exception:       False Path

    Location             Delay type                Incr(ns)  Path(ns)    Netlist Resource(s)
  -------------------------------------------------------------------    -------------------
                         (clock clk_pl_0 rise edge)
                                                      0.000     0.000 r  
    PS8_X0Y0             PS8                          0.000     0.000 r  rgb_bd_i/zynq_ultra_ps_e_0/inst/PS8_i/PLCLK[0]
                         net (fo=1, routed)           0.178     0.178    rgb_bd_i/zynq_ultra_ps_e_0/inst/pl_clk_unbuffered[0]
    BUFG_PS_X0Y58        BUFG_PS (Prop_BUFG_PS_I_O)
                                                      0.029     0.207 r  rgb_bd_i/zynq_ultra_ps_e_0/inst/buffer_pl_clk_0.PL_CLK_0_BUFG/O
    X0Y0 (CLOCK_ROOT)    net (fo=728, routed)         1.752     1.959    rgb_bd_i/axi_smc/inst/clk_map/psr_aclk/U0/aclk
    SLICE_X7Y48          FDRE                                         r  rgb_bd_i/axi_smc/inst/clk_map/psr_aclk/U0/ACTIVE_LOW_BSR_OUT_DFF[0].FDRE_BSR_N/C
  -------------------------------------------------------------------    -------------------
    SLICE_X7Y48          FDRE (Prop_HFF_SLICEL_C_Q)
                                                      0.096     2.055 r  rgb_bd_i/axi_smc/inst/clk_map/psr_aclk/U0/ACTIVE_LOW_BSR_OUT_DFF[0].FDRE_BSR_N/Q
                         net (fo=27, routed)          0.758     2.813    <hidden>
    SLICE_X4Y40          FDCE                                         f  <hidden>  (IS_INVERTED)
  -------------------------------------------------------------------    -------------------

                         (clock clk_pl_0 rise edge)
                                                      0.000     0.000 r  
    PS8_X0Y0             PS8                          0.000     0.000 r  rgb_bd_i/zynq_ultra_ps_e_0/inst/PS8_i/PLCLK[0]
                         net (fo=1, routed)           0.140     0.140    rgb_bd_i/zynq_ultra_ps_e_0/inst/pl_clk_unbuffered[0]
    BUFG_PS_X0Y58        BUFG_PS (Prop_BUFG_PS_I_O)
                                                      0.027     0.167 r  rgb_bd_i/zynq_ultra_ps_e_0/inst/buffer_pl_clk_0.PL_CLK_0_BUFG/O
    X0Y0 (CLOCK_ROOT)    net (fo=728, routed)         1.537     1.704    <hidden>
    SLICE_X4Y40          FDCE                                         r  <hidden>

Slack:                    inf
  Source:                 rgb_bd_i/axi_smc/inst/clk_map/psr_aclk/U0/ACTIVE_LOW_BSR_OUT_DFF[0].FDRE_BSR_N/C
                            (rising edge-triggered cell FDRE clocked by clk_pl_0  {rise@0.000ns fall@5.000ns period=10.000ns})
  Destination:            <hidden>
                            (recovery check against rising-edge clock clk_pl_0  {rise@0.000ns fall@5.000ns period=10.000ns})
  Path Group:             (none)
  Path Type:              Recovery (Max at Slow Process Corner)
  Data Path Delay:        0.854ns  (logic 0.096ns (11.247%)  route 0.758ns (88.753%))
  Logic Levels:           0  
  Clock Path Skew:        -0.255ns (DCD - SCD + CPR)
    Destination Clock Delay (DCD):    1.704ns
    Source Clock Delay      (SCD):    1.959ns
    Clock Pessimism Removal (CPR):    0.000ns
  Clock Uncertainty:      0.176ns  ((TSJ^2 + DJ^2)^1/2) / 2 + PE
    Total System Jitter     (TSJ):    0.071ns
    Discrete Jitter          (DJ):    0.344ns
    Phase Error              (PE):    0.000ns
  Clock Net Delay (Source):      1.752ns (routing 0.846ns, distribution 0.906ns)
  Clock Net Delay (Destination): 1.537ns (routing 0.765ns, distribution 0.772ns)
  Timing Exception:       False Path

    Location             Delay type                Incr(ns)  Path(ns)    Netlist Resource(s)
  -------------------------------------------------------------------    -------------------
                         (clock clk_pl_0 rise edge)
                                                      0.000     0.000 r  
    PS8_X0Y0             PS8                          0.000     0.000 r  rgb_bd_i/zynq_ultra_ps_e_0/inst/PS8_i/PLCLK[0]
                         net (fo=1, routed)           0.178     0.178    rgb_bd_i/zynq_ultra_ps_e_0/inst/pl_clk_unbuffered[0]
    BUFG_PS_X0Y58        BUFG_PS (Prop_BUFG_PS_I_O)
                                                      0.029     0.207 r  rgb_bd_i/zynq_ultra_ps_e_0/inst/buffer_pl_clk_0.PL_CLK_0_BUFG/O
    X0Y0 (CLOCK_ROOT)    net (fo=728, routed)         1.752     1.959    rgb_bd_i/axi_smc/inst/clk_map/psr_aclk/U0/aclk
    SLICE_X7Y48          FDRE                                         r  rgb_bd_i/axi_smc/inst/clk_map/psr_aclk/U0/ACTIVE_LOW_BSR_OUT_DFF[0].FDRE_BSR_N/C
  -------------------------------------------------------------------    -------------------
    SLICE_X7Y48          FDRE (Prop_HFF_SLICEL_C_Q)
                                                      0.096     2.055 r  rgb_bd_i/axi_smc/inst/clk_map/psr_aclk/U0/ACTIVE_LOW_BSR_OUT_DFF[0].FDRE_BSR_N/Q
                         net (fo=27, routed)          0.758     2.813    <hidden>
    SLICE_X4Y40          FDCE                                         f  <hidden>  (IS_INVERTED)
  -------------------------------------------------------------------    -------------------

                         (clock clk_pl_0 rise edge)
                                                      0.000     0.000 r  
    PS8_X0Y0             PS8                          0.000     0.000 r  rgb_bd_i/zynq_ultra_ps_e_0/inst/PS8_i/PLCLK[0]
                         net (fo=1, routed)           0.140     0.140    rgb_bd_i/zynq_ultra_ps_e_0/inst/pl_clk_unbuffered[0]
    BUFG_PS_X0Y58        BUFG_PS (Prop_BUFG_PS_I_O)
                                                      0.027     0.167 r  rgb_bd_i/zynq_ultra_ps_e_0/inst/buffer_pl_clk_0.PL_CLK_0_BUFG/O
    X0Y0 (CLOCK_ROOT)    net (fo=728, routed)         1.537     1.704    <hidden>
    SLICE_X4Y40          FDCE                                         r  <hidden>





Min Delay Paths
--------------------------------------------------------------------------------------
Slack:                    inf
  Source:                 rgb_bd_i/axi_smc/inst/clk_map/psr_aclk/U0/ACTIVE_LOW_BSR_OUT_DFF[0].FDRE_BSR_N/C
                            (rising edge-triggered cell FDRE clocked by clk_pl_0  {rise@0.000ns fall@5.000ns period=10.000ns})
  Destination:            <hidden>
                            (removal check against rising-edge clock clk_pl_0  {rise@0.000ns fall@5.000ns period=10.000ns})
  Path Group:             (none)
  Path Type:              Removal (Min at Fast Process Corner)
  Data Path Delay:        0.158ns  (logic 0.039ns (24.670%)  route 0.119ns (75.330%))
  Logic Levels:           0  
  Clock Path Skew:        0.160ns (DCD - SCD - CPR)
    Destination Clock Delay (DCD):    1.157ns
    Source Clock Delay      (SCD):    0.997ns
    Clock Pessimism Removal (CPR):    -0.000ns
  Clock Uncertainty:      0.176ns  ((TSJ^2 + DJ^2)^1/2) / 2 + PE
    Total System Jitter     (TSJ):    0.071ns
    Discrete Jitter          (DJ):    0.344ns
    Phase Error              (PE):    0.000ns
  Clock Net Delay (Source):      0.886ns (routing 0.432ns, distribution 0.454ns)
  Clock Net Delay (Destination): 1.019ns (routing 0.489ns, distribution 0.530ns)
  Timing Exception:       False Path

    Location             Delay type                Incr(ns)  Path(ns)    Netlist Resource(s)
  -------------------------------------------------------------------    -------------------
                         (clock clk_pl_0 rise edge)
                                                      0.000     0.000 r  
    PS8_X0Y0             PS8                          0.000     0.000 r  rgb_bd_i/zynq_ultra_ps_e_0/inst/PS8_i/PLCLK[0]
                         net (fo=1, routed)           0.094     0.094    rgb_bd_i/zynq_ultra_ps_e_0/inst/pl_clk_unbuffered[0]
    BUFG_PS_X0Y58        BUFG_PS (Prop_BUFG_PS_I_O)
                                                      0.017     0.111 r  rgb_bd_i/zynq_ultra_ps_e_0/inst/buffer_pl_clk_0.PL_CLK_0_BUFG/O
    X0Y0 (CLOCK_ROOT)    net (fo=728, routed)         0.886     0.997    rgb_bd_i/axi_smc/inst/clk_map/psr_aclk/U0/aclk
    SLICE_X7Y48          FDRE                                         r  rgb_bd_i/axi_smc/inst/clk_map/psr_aclk/U0/ACTIVE_LOW_BSR_OUT_DFF[0].FDRE_BSR_N/C
  -------------------------------------------------------------------    -------------------
    SLICE_X7Y48          FDRE (Prop_HFF_SLICEL_C_Q)
                                                      0.039     1.036 r  rgb_bd_i/axi_smc/inst/clk_map/psr_aclk/U0/ACTIVE_LOW_BSR_OUT_DFF[0].FDRE_BSR_N/Q
                         net (fo=27, routed)          0.119     1.155    <hidden>
    SLICE_X6Y46          FDCE                                         f  <hidden>  (IS_INVERTED)
  -------------------------------------------------------------------    -------------------

                         (clock clk_pl_0 rise edge)
                                                      0.000     0.000 r  
    PS8_X0Y0             PS8                          0.000     0.000 r  rgb_bd_i/zynq_ultra_ps_e_0/inst/PS8_i/PLCLK[0]
                         net (fo=1, routed)           0.120     0.120    rgb_bd_i/zynq_ultra_ps_e_0/inst/pl_clk_unbuffered[0]
    BUFG_PS_X0Y58        BUFG_PS (Prop_BUFG_PS_I_O)
                                                      0.018     0.138 r  rgb_bd_i/zynq_ultra_ps_e_0/inst/buffer_pl_clk_0.PL_CLK_0_BUFG/O
    X0Y0 (CLOCK_ROOT)    net (fo=728, routed)         1.019     1.157    <hidden>
    SLICE_X6Y46          FDCE                                         r  <hidden>

Slack:                    inf
  Source:                 rgb_bd_i/axi_smc/inst/clk_map/psr_aclk/U0/ACTIVE_LOW_BSR_OUT_DFF[0].FDRE_BSR_N/C
                            (rising edge-triggered cell FDRE clocked by clk_pl_0  {rise@0.000ns fall@5.000ns period=10.000ns})
  Destination:            <hidden>
                            (removal check against rising-edge clock clk_pl_0  {rise@0.000ns fall@5.000ns period=10.000ns})
  Path Group:             (none)
  Path Type:              Removal (Min at Fast Process Corner)
  Data Path Delay:        0.158ns  (logic 0.039ns (24.670%)  route 0.119ns (75.330%))
  Logic Levels:           0  
  Clock Path Skew:        0.160ns (DCD - SCD - CPR)
    Destination Clock Delay (DCD):    1.157ns
    Source Clock Delay      (SCD):    0.997ns
    Clock Pessimism Removal (CPR):    -0.000ns
  Clock Uncertainty:      0.176ns  ((TSJ^2 + DJ^2)^1/2) / 2 + PE
    Total System Jitter     (TSJ):    0.071ns
    Discrete Jitter          (DJ):    0.344ns
    Phase Error              (PE):    0.000ns
  Clock Net Delay (Source):      0.886ns (routing 0.432ns, distribution 0.454ns)
  Clock Net Delay (Destination): 1.019ns (routing 0.489ns, distribution 0.530ns)
  Timing Exception:       False Path

    Location             Delay type                Incr(ns)  Path(ns)    Netlist Resource(s)
  -------------------------------------------------------------------    -------------------
                         (clock clk_pl_0 rise edge)
                                                      0.000     0.000 r  
    PS8_X0Y0             PS8                          0.000     0.000 r  rgb_bd_i/zynq_ultra_ps_e_0/inst/PS8_i/PLCLK[0]
                         net (fo=1, routed)           0.094     0.094    rgb_bd_i/zynq_ultra_ps_e_0/inst/pl_clk_unbuffered[0]
    BUFG_PS_X0Y58        BUFG_PS (Prop_BUFG_PS_I_O)
                                                      0.017     0.111 r  rgb_bd_i/zynq_ultra_ps_e_0/inst/buffer_pl_clk_0.PL_CLK_0_BUFG/O
    X0Y0 (CLOCK_ROOT)    net (fo=728, routed)         0.886     0.997    rgb_bd_i/axi_smc/inst/clk_map/psr_aclk/U0/aclk
    SLICE_X7Y48          FDRE                                         r  rgb_bd_i/axi_smc/inst/clk_map/psr_aclk/U0/ACTIVE_LOW_BSR_OUT_DFF[0].FDRE_BSR_N/C
  -------------------------------------------------------------------    -------------------
    SLICE_X7Y48          FDRE (Prop_HFF_SLICEL_C_Q)
                                                      0.039     1.036 r  rgb_bd_i/axi_smc/inst/clk_map/psr_aclk/U0/ACTIVE_LOW_BSR_OUT_DFF[0].FDRE_BSR_N/Q
                         net (fo=27, routed)          0.119     1.155    <hidden>
    SLICE_X6Y46          FDCE                                         f  <hidden>  (IS_INVERTED)
  -------------------------------------------------------------------    -------------------

                         (clock clk_pl_0 rise edge)
                                                      0.000     0.000 r  
    PS8_X0Y0             PS8                          0.000     0.000 r  rgb_bd_i/zynq_ultra_ps_e_0/inst/PS8_i/PLCLK[0]
                         net (fo=1, routed)           0.120     0.120    rgb_bd_i/zynq_ultra_ps_e_0/inst/pl_clk_unbuffered[0]
    BUFG_PS_X0Y58        BUFG_PS (Prop_BUFG_PS_I_O)
                                                      0.018     0.138 r  rgb_bd_i/zynq_ultra_ps_e_0/inst/buffer_pl_clk_0.PL_CLK_0_BUFG/O
    X0Y0 (CLOCK_ROOT)    net (fo=728, routed)         1.019     1.157    <hidden>
    SLICE_X6Y46          FDCE                                         r  <hidden>

Slack:                    inf
  Source:                 rgb_bd_i/axi_smc/inst/clk_map/psr_aclk/U0/ACTIVE_LOW_BSR_OUT_DFF[0].FDRE_BSR_N/C
                            (rising edge-triggered cell FDRE clocked by clk_pl_0  {rise@0.000ns fall@5.000ns period=10.000ns})
  Destination:            <hidden>
                            (removal check against rising-edge clock clk_pl_0  {rise@0.000ns fall@5.000ns period=10.000ns})
  Path Group:             (none)
  Path Type:              Removal (Min at Fast Process Corner)
  Data Path Delay:        0.158ns  (logic 0.039ns (24.670%)  route 0.119ns (75.330%))
  Logic Levels:           0  
  Clock Path Skew:        0.160ns (DCD - SCD - CPR)
    Destination Clock Delay (DCD):    1.157ns
    Source Clock Delay      (SCD):    0.997ns
    Clock Pessimism Removal (CPR):    -0.000ns
  Clock Uncertainty:      0.176ns  ((TSJ^2 + DJ^2)^1/2) / 2 + PE
    Total System Jitter     (TSJ):    0.071ns
    Discrete Jitter          (DJ):    0.344ns
    Phase Error              (PE):    0.000ns
  Clock Net Delay (Source):      0.886ns (routing 0.432ns, distribution 0.454ns)
  Clock Net Delay (Destination): 1.019ns (routing 0.489ns, distribution 0.530ns)
  Timing Exception:       False Path

    Location             Delay type                Incr(ns)  Path(ns)    Netlist Resource(s)
  -------------------------------------------------------------------    -------------------
                         (clock clk_pl_0 rise edge)
                                                      0.000     0.000 r  
    PS8_X0Y0             PS8                          0.000     0.000 r  rgb_bd_i/zynq_ultra_ps_e_0/inst/PS8_i/PLCLK[0]
                         net (fo=1, routed)           0.094     0.094    rgb_bd_i/zynq_ultra_ps_e_0/inst/pl_clk_unbuffered[0]
    BUFG_PS_X0Y58        BUFG_PS (Prop_BUFG_PS_I_O)
                                                      0.017     0.111 r  rgb_bd_i/zynq_ultra_ps_e_0/inst/buffer_pl_clk_0.PL_CLK_0_BUFG/O
    X0Y0 (CLOCK_ROOT)    net (fo=728, routed)         0.886     0.997    rgb_bd_i/axi_smc/inst/clk_map/psr_aclk/U0/aclk
    SLICE_X7Y48          FDRE                                         r  rgb_bd_i/axi_smc/inst/clk_map/psr_aclk/U0/ACTIVE_LOW_BSR_OUT_DFF[0].FDRE_BSR_N/C
  -------------------------------------------------------------------    -------------------
    SLICE_X7Y48          FDRE (Prop_HFF_SLICEL_C_Q)
                                                      0.039     1.036 r  rgb_bd_i/axi_smc/inst/clk_map/psr_aclk/U0/ACTIVE_LOW_BSR_OUT_DFF[0].FDRE_BSR_N/Q
                         net (fo=27, routed)          0.119     1.155    <hidden>
    SLICE_X6Y46          FDCE                                         f  <hidden>  (IS_INVERTED)
  -------------------------------------------------------------------    -------------------

                         (clock clk_pl_0 rise edge)
                                                      0.000     0.000 r  
    PS8_X0Y0             PS8                          0.000     0.000 r  rgb_bd_i/zynq_ultra_ps_e_0/inst/PS8_i/PLCLK[0]
                         net (fo=1, routed)           0.120     0.120    rgb_bd_i/zynq_ultra_ps_e_0/inst/pl_clk_unbuffered[0]
    BUFG_PS_X0Y58        BUFG_PS (Prop_BUFG_PS_I_O)
                                                      0.018     0.138 r  rgb_bd_i/zynq_ultra_ps_e_0/inst/buffer_pl_clk_0.PL_CLK_0_BUFG/O
    X0Y0 (CLOCK_ROOT)    net (fo=728, routed)         1.019     1.157    <hidden>
    SLICE_X6Y46          FDCE                                         r  <hidden>

Slack:                    inf
  Source:                 rgb_bd_i/axi_smc/inst/clk_map/psr_aclk/U0/ACTIVE_LOW_BSR_OUT_DFF[0].FDRE_BSR_N/C
                            (rising edge-triggered cell FDRE clocked by clk_pl_0  {rise@0.000ns fall@5.000ns period=10.000ns})
  Destination:            <hidden>
                            (removal check against rising-edge clock clk_pl_0  {rise@0.000ns fall@5.000ns period=10.000ns})
  Path Group:             (none)
  Path Type:              Removal (Min at Fast Process Corner)
  Data Path Delay:        0.188ns  (logic 0.039ns (20.744%)  route 0.149ns (79.256%))
  Logic Levels:           0  
  Clock Path Skew:        0.155ns (DCD - SCD - CPR)
    Destination Clock Delay (DCD):    1.152ns
    Source Clock Delay      (SCD):    0.997ns
    Clock Pessimism Removal (CPR):    -0.000ns
  Clock Uncertainty:      0.176ns  ((TSJ^2 + DJ^2)^1/2) / 2 + PE
    Total System Jitter     (TSJ):    0.071ns
    Discrete Jitter          (DJ):    0.344ns
    Phase Error              (PE):    0.000ns
  Clock Net Delay (Source):      0.886ns (routing 0.432ns, distribution 0.454ns)
  Clock Net Delay (Destination): 1.014ns (routing 0.489ns, distribution 0.525ns)
  Timing Exception:       False Path

    Location             Delay type                Incr(ns)  Path(ns)    Netlist Resource(s)
  -------------------------------------------------------------------    -------------------
                         (clock clk_pl_0 rise edge)
                                                      0.000     0.000 r  
    PS8_X0Y0             PS8                          0.000     0.000 r  rgb_bd_i/zynq_ultra_ps_e_0/inst/PS8_i/PLCLK[0]
                         net (fo=1, routed)           0.094     0.094    rgb_bd_i/zynq_ultra_ps_e_0/inst/pl_clk_unbuffered[0]
    BUFG_PS_X0Y58        BUFG_PS (Prop_BUFG_PS_I_O)
                                                      0.017     0.111 r  rgb_bd_i/zynq_ultra_ps_e_0/inst/buffer_pl_clk_0.PL_CLK_0_BUFG/O
    X0Y0 (CLOCK_ROOT)    net (fo=728, routed)         0.886     0.997    rgb_bd_i/axi_smc/inst/clk_map/psr_aclk/U0/aclk
    SLICE_X7Y48          FDRE                                         r  rgb_bd_i/axi_smc/inst/clk_map/psr_aclk/U0/ACTIVE_LOW_BSR_OUT_DFF[0].FDRE_BSR_N/C
  -------------------------------------------------------------------    -------------------
    SLICE_X7Y48          FDRE (Prop_HFF_SLICEL_C_Q)
                                                      0.039     1.036 r  rgb_bd_i/axi_smc/inst/clk_map/psr_aclk/U0/ACTIVE_LOW_BSR_OUT_DFF[0].FDRE_BSR_N/Q
                         net (fo=27, routed)          0.149     1.185    <hidden>
    SLICE_X6Y45          FDCE                                         f  <hidden>  (IS_INVERTED)
  -------------------------------------------------------------------    -------------------

                         (clock clk_pl_0 rise edge)
                                                      0.000     0.000 r  
    PS8_X0Y0             PS8                          0.000     0.000 r  rgb_bd_i/zynq_ultra_ps_e_0/inst/PS8_i/PLCLK[0]
                         net (fo=1, routed)           0.120     0.120    rgb_bd_i/zynq_ultra_ps_e_0/inst/pl_clk_unbuffered[0]
    BUFG_PS_X0Y58        BUFG_PS (Prop_BUFG_PS_I_O)
                                                      0.018     0.138 r  rgb_bd_i/zynq_ultra_ps_e_0/inst/buffer_pl_clk_0.PL_CLK_0_BUFG/O
    X0Y0 (CLOCK_ROOT)    net (fo=728, routed)         1.014     1.152    <hidden>
    SLICE_X6Y45          FDCE                                         r  <hidden>

Slack:                    inf
  Source:                 rgb_bd_i/axi_smc/inst/clk_map/psr_aclk/U0/ACTIVE_LOW_BSR_OUT_DFF[0].FDRE_BSR_N/C
                            (rising edge-triggered cell FDRE clocked by clk_pl_0  {rise@0.000ns fall@5.000ns period=10.000ns})
  Destination:            <hidden>
                            (removal check against rising-edge clock clk_pl_0  {rise@0.000ns fall@5.000ns period=10.000ns})
  Path Group:             (none)
  Path Type:              Removal (Min at Fast Process Corner)
  Data Path Delay:        0.188ns  (logic 0.039ns (20.744%)  route 0.149ns (79.256%))
  Logic Levels:           0  
  Clock Path Skew:        0.155ns (DCD - SCD - CPR)
    Destination Clock Delay (DCD):    1.152ns
    Source Clock Delay      (SCD):    0.997ns
    Clock Pessimism Removal (CPR):    -0.000ns
  Clock Uncertainty:      0.176ns  ((TSJ^2 + DJ^2)^1/2) / 2 + PE
    Total System Jitter     (TSJ):    0.071ns
    Discrete Jitter          (DJ):    0.344ns
    Phase Error              (PE):    0.000ns
  Clock Net Delay (Source):      0.886ns (routing 0.432ns, distribution 0.454ns)
  Clock Net Delay (Destination): 1.014ns (routing 0.489ns, distribution 0.525ns)
  Timing Exception:       False Path

    Location             Delay type                Incr(ns)  Path(ns)    Netlist Resource(s)
  -------------------------------------------------------------------    -------------------
                         (clock clk_pl_0 rise edge)
                                                      0.000     0.000 r  
    PS8_X0Y0             PS8                          0.000     0.000 r  rgb_bd_i/zynq_ultra_ps_e_0/inst/PS8_i/PLCLK[0]
                         net (fo=1, routed)           0.094     0.094    rgb_bd_i/zynq_ultra_ps_e_0/inst/pl_clk_unbuffered[0]
    BUFG_PS_X0Y58        BUFG_PS (Prop_BUFG_PS_I_O)
                                                      0.017     0.111 r  rgb_bd_i/zynq_ultra_ps_e_0/inst/buffer_pl_clk_0.PL_CLK_0_BUFG/O
    X0Y0 (CLOCK_ROOT)    net (fo=728, routed)         0.886     0.997    rgb_bd_i/axi_smc/inst/clk_map/psr_aclk/U0/aclk
    SLICE_X7Y48          FDRE                                         r  rgb_bd_i/axi_smc/inst/clk_map/psr_aclk/U0/ACTIVE_LOW_BSR_OUT_DFF[0].FDRE_BSR_N/C
  -------------------------------------------------------------------    -------------------
    SLICE_X7Y48          FDRE (Prop_HFF_SLICEL_C_Q)
                                                      0.039     1.036 r  rgb_bd_i/axi_smc/inst/clk_map/psr_aclk/U0/ACTIVE_LOW_BSR_OUT_DFF[0].FDRE_BSR_N/Q
                         net (fo=27, routed)          0.149     1.185    <hidden>
    SLICE_X6Y45          FDCE                                         f  <hidden>  (IS_INVERTED)
  -------------------------------------------------------------------    -------------------

                         (clock clk_pl_0 rise edge)
                                                      0.000     0.000 r  
    PS8_X0Y0             PS8                          0.000     0.000 r  rgb_bd_i/zynq_ultra_ps_e_0/inst/PS8_i/PLCLK[0]
                         net (fo=1, routed)           0.120     0.120    rgb_bd_i/zynq_ultra_ps_e_0/inst/pl_clk_unbuffered[0]
    BUFG_PS_X0Y58        BUFG_PS (Prop_BUFG_PS_I_O)
                                                      0.018     0.138 r  rgb_bd_i/zynq_ultra_ps_e_0/inst/buffer_pl_clk_0.PL_CLK_0_BUFG/O
    X0Y0 (CLOCK_ROOT)    net (fo=728, routed)         1.014     1.152    <hidden>
    SLICE_X6Y45          FDCE                                         r  <hidden>

Slack:                    inf
  Source:                 rgb_bd_i/axi_smc/inst/clk_map/psr_aclk/U0/ACTIVE_LOW_BSR_OUT_DFF[0].FDRE_BSR_N/C
                            (rising edge-triggered cell FDRE clocked by clk_pl_0  {rise@0.000ns fall@5.000ns period=10.000ns})
  Destination:            <hidden>
                            (removal check against rising-edge clock clk_pl_0  {rise@0.000ns fall@5.000ns period=10.000ns})
  Path Group:             (none)
  Path Type:              Removal (Min at Fast Process Corner)
  Data Path Delay:        0.188ns  (logic 0.039ns (20.744%)  route 0.149ns (79.256%))
  Logic Levels:           0  
  Clock Path Skew:        0.155ns (DCD - SCD - CPR)
    Destination Clock Delay (DCD):    1.152ns
    Source Clock Delay      (SCD):    0.997ns
    Clock Pessimism Removal (CPR):    -0.000ns
  Clock Uncertainty:      0.176ns  ((TSJ^2 + DJ^2)^1/2) / 2 + PE
    Total System Jitter     (TSJ):    0.071ns
    Discrete Jitter          (DJ):    0.344ns
    Phase Error              (PE):    0.000ns
  Clock Net Delay (Source):      0.886ns (routing 0.432ns, distribution 0.454ns)
  Clock Net Delay (Destination): 1.014ns (routing 0.489ns, distribution 0.525ns)
  Timing Exception:       False Path

    Location             Delay type                Incr(ns)  Path(ns)    Netlist Resource(s)
  -------------------------------------------------------------------    -------------------
                         (clock clk_pl_0 rise edge)
                                                      0.000     0.000 r  
    PS8_X0Y0             PS8                          0.000     0.000 r  rgb_bd_i/zynq_ultra_ps_e_0/inst/PS8_i/PLCLK[0]
                         net (fo=1, routed)           0.094     0.094    rgb_bd_i/zynq_ultra_ps_e_0/inst/pl_clk_unbuffered[0]
    BUFG_PS_X0Y58        BUFG_PS (Prop_BUFG_PS_I_O)
                                                      0.017     0.111 r  rgb_bd_i/zynq_ultra_ps_e_0/inst/buffer_pl_clk_0.PL_CLK_0_BUFG/O
    X0Y0 (CLOCK_ROOT)    net (fo=728, routed)         0.886     0.997    rgb_bd_i/axi_smc/inst/clk_map/psr_aclk/U0/aclk
    SLICE_X7Y48          FDRE                                         r  rgb_bd_i/axi_smc/inst/clk_map/psr_aclk/U0/ACTIVE_LOW_BSR_OUT_DFF[0].FDRE_BSR_N/C
  -------------------------------------------------------------------    -------------------
    SLICE_X7Y48          FDRE (Prop_HFF_SLICEL_C_Q)
                                                      0.039     1.036 r  rgb_bd_i/axi_smc/inst/clk_map/psr_aclk/U0/ACTIVE_LOW_BSR_OUT_DFF[0].FDRE_BSR_N/Q
                         net (fo=27, routed)          0.149     1.185    <hidden>
    SLICE_X6Y45          FDCE                                         f  <hidden>  (IS_INVERTED)
  -------------------------------------------------------------------    -------------------

                         (clock clk_pl_0 rise edge)
                                                      0.000     0.000 r  
    PS8_X0Y0             PS8                          0.000     0.000 r  rgb_bd_i/zynq_ultra_ps_e_0/inst/PS8_i/PLCLK[0]
                         net (fo=1, routed)           0.120     0.120    rgb_bd_i/zynq_ultra_ps_e_0/inst/pl_clk_unbuffered[0]
    BUFG_PS_X0Y58        BUFG_PS (Prop_BUFG_PS_I_O)
                                                      0.018     0.138 r  rgb_bd_i/zynq_ultra_ps_e_0/inst/buffer_pl_clk_0.PL_CLK_0_BUFG/O
    X0Y0 (CLOCK_ROOT)    net (fo=728, routed)         1.014     1.152    <hidden>
    SLICE_X6Y45          FDCE                                         r  <hidden>

Slack:                    inf
  Source:                 rgb_bd_i/axi_smc/inst/clk_map/psr_aclk/U0/ACTIVE_LOW_BSR_OUT_DFF[0].FDRE_BSR_N/C
                            (rising edge-triggered cell FDRE clocked by clk_pl_0  {rise@0.000ns fall@5.000ns period=10.000ns})
  Destination:            <hidden>
                            (removal check against rising-edge clock clk_pl_0  {rise@0.000ns fall@5.000ns period=10.000ns})
  Path Group:             (none)
  Path Type:              Removal (Min at Fast Process Corner)
  Data Path Delay:        0.211ns  (logic 0.039ns (18.483%)  route 0.172ns (81.517%))
  Logic Levels:           0  
  Clock Path Skew:        0.155ns (DCD - SCD - CPR)
    Destination Clock Delay (DCD):    1.152ns
    Source Clock Delay      (SCD):    0.997ns
    Clock Pessimism Removal (CPR):    -0.000ns
  Clock Uncertainty:      0.176ns  ((TSJ^2 + DJ^2)^1/2) / 2 + PE
    Total System Jitter     (TSJ):    0.071ns
    Discrete Jitter          (DJ):    0.344ns
    Phase Error              (PE):    0.000ns
  Clock Net Delay (Source):      0.886ns (routing 0.432ns, distribution 0.454ns)
  Clock Net Delay (Destination): 1.014ns (routing 0.489ns, distribution 0.525ns)
  Timing Exception:       False Path

    Location             Delay type                Incr(ns)  Path(ns)    Netlist Resource(s)
  -------------------------------------------------------------------    -------------------
                         (clock clk_pl_0 rise edge)
                                                      0.000     0.000 r  
    PS8_X0Y0             PS8                          0.000     0.000 r  rgb_bd_i/zynq_ultra_ps_e_0/inst/PS8_i/PLCLK[0]
                         net (fo=1, routed)           0.094     0.094    rgb_bd_i/zynq_ultra_ps_e_0/inst/pl_clk_unbuffered[0]
    BUFG_PS_X0Y58        BUFG_PS (Prop_BUFG_PS_I_O)
                                                      0.017     0.111 r  rgb_bd_i/zynq_ultra_ps_e_0/inst/buffer_pl_clk_0.PL_CLK_0_BUFG/O
    X0Y0 (CLOCK_ROOT)    net (fo=728, routed)         0.886     0.997    rgb_bd_i/axi_smc/inst/clk_map/psr_aclk/U0/aclk
    SLICE_X7Y48          FDRE                                         r  rgb_bd_i/axi_smc/inst/clk_map/psr_aclk/U0/ACTIVE_LOW_BSR_OUT_DFF[0].FDRE_BSR_N/C
  -------------------------------------------------------------------    -------------------
    SLICE_X7Y48          FDRE (Prop_HFF_SLICEL_C_Q)
                                                      0.039     1.036 r  rgb_bd_i/axi_smc/inst/clk_map/psr_aclk/U0/ACTIVE_LOW_BSR_OUT_DFF[0].FDRE_BSR_N/Q
                         net (fo=27, routed)          0.172     1.208    <hidden>
    SLICE_X6Y44          FDCE                                         f  <hidden>  (IS_INVERTED)
  -------------------------------------------------------------------    -------------------

                         (clock clk_pl_0 rise edge)
                                                      0.000     0.000 r  
    PS8_X0Y0             PS8                          0.000     0.000 r  rgb_bd_i/zynq_ultra_ps_e_0/inst/PS8_i/PLCLK[0]
                         net (fo=1, routed)           0.120     0.120    rgb_bd_i/zynq_ultra_ps_e_0/inst/pl_clk_unbuffered[0]
    BUFG_PS_X0Y58        BUFG_PS (Prop_BUFG_PS_I_O)
                                                      0.018     0.138 r  rgb_bd_i/zynq_ultra_ps_e_0/inst/buffer_pl_clk_0.PL_CLK_0_BUFG/O
    X0Y0 (CLOCK_ROOT)    net (fo=728, routed)         1.014     1.152    <hidden>
    SLICE_X6Y44          FDCE                                         r  <hidden>

Slack:                    inf
  Source:                 rgb_bd_i/axi_smc/inst/clk_map/psr_aclk/U0/ACTIVE_LOW_BSR_OUT_DFF[0].FDRE_BSR_N/C
                            (rising edge-triggered cell FDRE clocked by clk_pl_0  {rise@0.000ns fall@5.000ns period=10.000ns})
  Destination:            <hidden>
                            (removal check against rising-edge clock clk_pl_0  {rise@0.000ns fall@5.000ns period=10.000ns})
  Path Group:             (none)
  Path Type:              Removal (Min at Fast Process Corner)
  Data Path Delay:        0.211ns  (logic 0.039ns (18.483%)  route 0.172ns (81.517%))
  Logic Levels:           0  
  Clock Path Skew:        0.155ns (DCD - SCD - CPR)
    Destination Clock Delay (DCD):    1.152ns
    Source Clock Delay      (SCD):    0.997ns
    Clock Pessimism Removal (CPR):    -0.000ns
  Clock Uncertainty:      0.176ns  ((TSJ^2 + DJ^2)^1/2) / 2 + PE
    Total System Jitter     (TSJ):    0.071ns
    Discrete Jitter          (DJ):    0.344ns
    Phase Error              (PE):    0.000ns
  Clock Net Delay (Source):      0.886ns (routing 0.432ns, distribution 0.454ns)
  Clock Net Delay (Destination): 1.014ns (routing 0.489ns, distribution 0.525ns)
  Timing Exception:       False Path

    Location             Delay type                Incr(ns)  Path(ns)    Netlist Resource(s)
  -------------------------------------------------------------------    -------------------
                         (clock clk_pl_0 rise edge)
                                                      0.000     0.000 r  
    PS8_X0Y0             PS8                          0.000     0.000 r  rgb_bd_i/zynq_ultra_ps_e_0/inst/PS8_i/PLCLK[0]
                         net (fo=1, routed)           0.094     0.094    rgb_bd_i/zynq_ultra_ps_e_0/inst/pl_clk_unbuffered[0]
    BUFG_PS_X0Y58        BUFG_PS (Prop_BUFG_PS_I_O)
                                                      0.017     0.111 r  rgb_bd_i/zynq_ultra_ps_e_0/inst/buffer_pl_clk_0.PL_CLK_0_BUFG/O
    X0Y0 (CLOCK_ROOT)    net (fo=728, routed)         0.886     0.997    rgb_bd_i/axi_smc/inst/clk_map/psr_aclk/U0/aclk
    SLICE_X7Y48          FDRE                                         r  rgb_bd_i/axi_smc/inst/clk_map/psr_aclk/U0/ACTIVE_LOW_BSR_OUT_DFF[0].FDRE_BSR_N/C
  -------------------------------------------------------------------    -------------------
    SLICE_X7Y48          FDRE (Prop_HFF_SLICEL_C_Q)
                                                      0.039     1.036 r  rgb_bd_i/axi_smc/inst/clk_map/psr_aclk/U0/ACTIVE_LOW_BSR_OUT_DFF[0].FDRE_BSR_N/Q
                         net (fo=27, routed)          0.172     1.208    <hidden>
    SLICE_X6Y44          FDCE                                         f  <hidden>  (IS_INVERTED)
  -------------------------------------------------------------------    -------------------

                         (clock clk_pl_0 rise edge)
                                                      0.000     0.000 r  
    PS8_X0Y0             PS8                          0.000     0.000 r  rgb_bd_i/zynq_ultra_ps_e_0/inst/PS8_i/PLCLK[0]
                         net (fo=1, routed)           0.120     0.120    rgb_bd_i/zynq_ultra_ps_e_0/inst/pl_clk_unbuffered[0]
    BUFG_PS_X0Y58        BUFG_PS (Prop_BUFG_PS_I_O)
                                                      0.018     0.138 r  rgb_bd_i/zynq_ultra_ps_e_0/inst/buffer_pl_clk_0.PL_CLK_0_BUFG/O
    X0Y0 (CLOCK_ROOT)    net (fo=728, routed)         1.014     1.152    <hidden>
    SLICE_X6Y44          FDCE                                         r  <hidden>

Slack:                    inf
  Source:                 rgb_bd_i/axi_smc/inst/clk_map/psr_aclk/U0/ACTIVE_LOW_BSR_OUT_DFF[0].FDRE_BSR_N/C
                            (rising edge-triggered cell FDRE clocked by clk_pl_0  {rise@0.000ns fall@5.000ns period=10.000ns})
  Destination:            <hidden>
                            (removal check against rising-edge clock clk_pl_0  {rise@0.000ns fall@5.000ns period=10.000ns})
  Path Group:             (none)
  Path Type:              Removal (Min at Fast Process Corner)
  Data Path Delay:        0.211ns  (logic 0.039ns (18.483%)  route 0.172ns (81.517%))
  Logic Levels:           0  
  Clock Path Skew:        0.155ns (DCD - SCD - CPR)
    Destination Clock Delay (DCD):    1.152ns
    Source Clock Delay      (SCD):    0.997ns
    Clock Pessimism Removal (CPR):    -0.000ns
  Clock Uncertainty:      0.176ns  ((TSJ^2 + DJ^2)^1/2) / 2 + PE
    Total System Jitter     (TSJ):    0.071ns
    Discrete Jitter          (DJ):    0.344ns
    Phase Error              (PE):    0.000ns
  Clock Net Delay (Source):      0.886ns (routing 0.432ns, distribution 0.454ns)
  Clock Net Delay (Destination): 1.014ns (routing 0.489ns, distribution 0.525ns)
  Timing Exception:       False Path

    Location             Delay type                Incr(ns)  Path(ns)    Netlist Resource(s)
  -------------------------------------------------------------------    -------------------
                         (clock clk_pl_0 rise edge)
                                                      0.000     0.000 r  
    PS8_X0Y0             PS8                          0.000     0.000 r  rgb_bd_i/zynq_ultra_ps_e_0/inst/PS8_i/PLCLK[0]
                         net (fo=1, routed)           0.094     0.094    rgb_bd_i/zynq_ultra_ps_e_0/inst/pl_clk_unbuffered[0]
    BUFG_PS_X0Y58        BUFG_PS (Prop_BUFG_PS_I_O)
                                                      0.017     0.111 r  rgb_bd_i/zynq_ultra_ps_e_0/inst/buffer_pl_clk_0.PL_CLK_0_BUFG/O
    X0Y0 (CLOCK_ROOT)    net (fo=728, routed)         0.886     0.997    rgb_bd_i/axi_smc/inst/clk_map/psr_aclk/U0/aclk
    SLICE_X7Y48          FDRE                                         r  rgb_bd_i/axi_smc/inst/clk_map/psr_aclk/U0/ACTIVE_LOW_BSR_OUT_DFF[0].FDRE_BSR_N/C
  -------------------------------------------------------------------    -------------------
    SLICE_X7Y48          FDRE (Prop_HFF_SLICEL_C_Q)
                                                      0.039     1.036 r  rgb_bd_i/axi_smc/inst/clk_map/psr_aclk/U0/ACTIVE_LOW_BSR_OUT_DFF[0].FDRE_BSR_N/Q
                         net (fo=27, routed)          0.172     1.208    <hidden>
    SLICE_X6Y44          FDCE                                         f  <hidden>  (IS_INVERTED)
  -------------------------------------------------------------------    -------------------

                         (clock clk_pl_0 rise edge)
                                                      0.000     0.000 r  
    PS8_X0Y0             PS8                          0.000     0.000 r  rgb_bd_i/zynq_ultra_ps_e_0/inst/PS8_i/PLCLK[0]
                         net (fo=1, routed)           0.120     0.120    rgb_bd_i/zynq_ultra_ps_e_0/inst/pl_clk_unbuffered[0]
    BUFG_PS_X0Y58        BUFG_PS (Prop_BUFG_PS_I_O)
                                                      0.018     0.138 r  rgb_bd_i/zynq_ultra_ps_e_0/inst/buffer_pl_clk_0.PL_CLK_0_BUFG/O
    X0Y0 (CLOCK_ROOT)    net (fo=728, routed)         1.014     1.152    <hidden>
    SLICE_X6Y44          FDCE                                         r  <hidden>

Slack:                    inf
  Source:                 rgb_bd_i/axi_smc/inst/clk_map/psr_aclk/U0/ACTIVE_LOW_BSR_OUT_DFF[0].FDRE_BSR_N/C
                            (rising edge-triggered cell FDRE clocked by clk_pl_0  {rise@0.000ns fall@5.000ns period=10.000ns})
  Destination:            <hidden>
                            (removal check against rising-edge clock clk_pl_0  {rise@0.000ns fall@5.000ns period=10.000ns})
  Path Group:             (none)
  Path Type:              Removal (Min at Fast Process Corner)
  Data Path Delay:        0.243ns  (logic 0.039ns (16.038%)  route 0.204ns (83.962%))
  Logic Levels:           0  
  Clock Path Skew:        0.149ns (DCD - SCD - CPR)
    Destination Clock Delay (DCD):    1.146ns
    Source Clock Delay      (SCD):    0.997ns
    Clock Pessimism Removal (CPR):    -0.000ns
  Clock Uncertainty:      0.176ns  ((TSJ^2 + DJ^2)^1/2) / 2 + PE
    Total System Jitter     (TSJ):    0.071ns
    Discrete Jitter          (DJ):    0.344ns
    Phase Error              (PE):    0.000ns
  Clock Net Delay (Source):      0.886ns (routing 0.432ns, distribution 0.454ns)
  Clock Net Delay (Destination): 1.008ns (routing 0.489ns, distribution 0.519ns)
  Timing Exception:       False Path

    Location             Delay type                Incr(ns)  Path(ns)    Netlist Resource(s)
  -------------------------------------------------------------------    -------------------
                         (clock clk_pl_0 rise edge)
                                                      0.000     0.000 r  
    PS8_X0Y0             PS8                          0.000     0.000 r  rgb_bd_i/zynq_ultra_ps_e_0/inst/PS8_i/PLCLK[0]
                         net (fo=1, routed)           0.094     0.094    rgb_bd_i/zynq_ultra_ps_e_0/inst/pl_clk_unbuffered[0]
    BUFG_PS_X0Y58        BUFG_PS (Prop_BUFG_PS_I_O)
                                                      0.017     0.111 r  rgb_bd_i/zynq_ultra_ps_e_0/inst/buffer_pl_clk_0.PL_CLK_0_BUFG/O
    X0Y0 (CLOCK_ROOT)    net (fo=728, routed)         0.886     0.997    rgb_bd_i/axi_smc/inst/clk_map/psr_aclk/U0/aclk
    SLICE_X7Y48          FDRE                                         r  rgb_bd_i/axi_smc/inst/clk_map/psr_aclk/U0/ACTIVE_LOW_BSR_OUT_DFF[0].FDRE_BSR_N/C
  -------------------------------------------------------------------    -------------------
    SLICE_X7Y48          FDRE (Prop_HFF_SLICEL_C_Q)
                                                      0.039     1.036 r  rgb_bd_i/axi_smc/inst/clk_map/psr_aclk/U0/ACTIVE_LOW_BSR_OUT_DFF[0].FDRE_BSR_N/Q
                         net (fo=27, routed)          0.204     1.240    <hidden>
    SLICE_X7Y43          FDCE                                         f  <hidden>  (IS_INVERTED)
  -------------------------------------------------------------------    -------------------

                         (clock clk_pl_0 rise edge)
                                                      0.000     0.000 r  
    PS8_X0Y0             PS8                          0.000     0.000 r  rgb_bd_i/zynq_ultra_ps_e_0/inst/PS8_i/PLCLK[0]
                         net (fo=1, routed)           0.120     0.120    rgb_bd_i/zynq_ultra_ps_e_0/inst/pl_clk_unbuffered[0]
    BUFG_PS_X0Y58        BUFG_PS (Prop_BUFG_PS_I_O)
                                                      0.018     0.138 r  rgb_bd_i/zynq_ultra_ps_e_0/inst/buffer_pl_clk_0.PL_CLK_0_BUFG/O
    X0Y0 (CLOCK_ROOT)    net (fo=728, routed)         1.008     1.146    <hidden>
    SLICE_X7Y43          FDCE                                         r  <hidden>





--------------------------------------------------------------------------------------
Path Group:  (none)
From Clock:  clk_pl_0
  To Clock:  

Max Delay             6 Endpoints
Min Delay             6 Endpoints
--------------------------------------------------------------------------------------


Max Delay Paths
--------------------------------------------------------------------------------------
Slack:                    inf
  Source:                 rgb_bd_i/gpio_io_o/U0/gpio_core_1/Not_Dual.gpio_Data_Out_reg[4]_lopt_replica/C
                            (rising edge-triggered cell FDRE clocked by clk_pl_0  {rise@0.000ns fall@5.000ns period=10.000ns})
  Destination:            gpio_io_o_0[1]
                            (output port)
  Path Group:             (none)
  Path Type:              Max at Slow Process Corner
  Data Path Delay:        3.677ns  (logic 2.699ns (73.402%)  route 0.978ns (26.598%))
  Logic Levels:           1  (OBUF=1)
  Clock Uncertainty:      0.174ns  ((TSJ^2 + DJ^2)^1/2) / 2 + PE
    Total System Jitter     (TSJ):    0.050ns
    Discrete Jitter          (DJ):    0.344ns
    Phase Error              (PE):    0.000ns
  Clock Net Delay (Source):      1.762ns (routing 0.846ns, distribution 0.916ns)

    Location             Delay type                Incr(ns)  Path(ns)    Netlist Resource(s)
  -------------------------------------------------------------------    -------------------
                         (clock clk_pl_0 rise edge)
                                                      0.000     0.000 r  
    PS8_X0Y0             PS8                          0.000     0.000 r  rgb_bd_i/zynq_ultra_ps_e_0/inst/PS8_i/PLCLK[0]
                         net (fo=1, routed)           0.178     0.178    rgb_bd_i/zynq_ultra_ps_e_0/inst/pl_clk_unbuffered[0]
    BUFG_PS_X0Y58        BUFG_PS (Prop_BUFG_PS_I_O)
                                                      0.029     0.207 r  rgb_bd_i/zynq_ultra_ps_e_0/inst/buffer_pl_clk_0.PL_CLK_0_BUFG/O
    X0Y0 (CLOCK_ROOT)    net (fo=728, routed)         1.762     1.969    rgb_bd_i/gpio_io_o/U0/gpio_core_1/s_axi_aclk
    SLICE_X2Y47          FDRE                                         r  rgb_bd_i/gpio_io_o/U0/gpio_core_1/Not_Dual.gpio_Data_Out_reg[4]_lopt_replica/C
  -------------------------------------------------------------------    -------------------
    SLICE_X2Y47          FDRE (Prop_CFF2_SLICEL_C_Q)
                                                      0.097     2.066 r  rgb_bd_i/gpio_io_o/U0/gpio_core_1/Not_Dual.gpio_Data_Out_reg[4]_lopt_replica/Q
                         net (fo=1, routed)           0.978     3.044    lopt_1
    B6                   OBUF (Prop_OUTBUF_HDIOB_M_I_O)
                                                      2.602     5.646 r  gpio_io_o_0_OBUF[1]_inst/O
                         net (fo=0)                   0.000     5.646    gpio_io_o_0[1]
    B6                                                                r  gpio_io_o_0[1] (OUT)
  -------------------------------------------------------------------    -------------------

Slack:                    inf
  Source:                 rgb_bd_i/gpio_io_o/U0/gpio_core_1/Not_Dual.gpio_Data_Out_reg[1]_lopt_replica/C
                            (rising edge-triggered cell FDRE clocked by clk_pl_0  {rise@0.000ns fall@5.000ns period=10.000ns})
  Destination:            gpio_io_o_0[4]
                            (output port)
  Path Group:             (none)
  Path Type:              Max at Slow Process Corner
  Data Path Delay:        3.673ns  (logic 1.039ns (28.282%)  route 2.634ns (71.718%))
  Logic Levels:           1  (OBUF=1)
  Clock Uncertainty:      0.174ns  ((TSJ^2 + DJ^2)^1/2) / 2 + PE
    Total System Jitter     (TSJ):    0.050ns
    Discrete Jitter          (DJ):    0.344ns
    Phase Error              (PE):    0.000ns
  Clock Net Delay (Source):      1.762ns (routing 0.846ns, distribution 0.916ns)

    Location             Delay type                Incr(ns)  Path(ns)    Netlist Resource(s)
  -------------------------------------------------------------------    -------------------
                         (clock clk_pl_0 rise edge)
                                                      0.000     0.000 r  
    PS8_X0Y0             PS8                          0.000     0.000 r  rgb_bd_i/zynq_ultra_ps_e_0/inst/PS8_i/PLCLK[0]
                         net (fo=1, routed)           0.178     0.178    rgb_bd_i/zynq_ultra_ps_e_0/inst/pl_clk_unbuffered[0]
    BUFG_PS_X0Y58        BUFG_PS (Prop_BUFG_PS_I_O)
                                                      0.029     0.207 r  rgb_bd_i/zynq_ultra_ps_e_0/inst/buffer_pl_clk_0.PL_CLK_0_BUFG/O
    X0Y0 (CLOCK_ROOT)    net (fo=728, routed)         1.762     1.969    rgb_bd_i/gpio_io_o/U0/gpio_core_1/s_axi_aclk
    SLICE_X2Y47          FDRE                                         r  rgb_bd_i/gpio_io_o/U0/gpio_core_1/Not_Dual.gpio_Data_Out_reg[1]_lopt_replica/C
  -------------------------------------------------------------------    -------------------
    SLICE_X2Y47          FDRE (Prop_AFF2_SLICEL_C_Q)
                                                      0.099     2.068 r  rgb_bd_i/gpio_io_o/U0/gpio_core_1/Not_Dual.gpio_Data_Out_reg[1]_lopt_replica/Q
                         net (fo=1, routed)           2.634     4.702    lopt_4
    A2                   OBUF (Prop_OUTBUF_HPIOB_SNGL_I_O)
                                                      0.940     5.641 r  gpio_io_o_0_OBUF[4]_inst/O
                         net (fo=0)                   0.000     5.641    gpio_io_o_0[4]
    A2                                                                r  gpio_io_o_0[4] (OUT)
  -------------------------------------------------------------------    -------------------

Slack:                    inf
  Source:                 rgb_bd_i/gpio_io_o/U0/gpio_core_1/Not_Dual.gpio_Data_Out_reg[3]_lopt_replica/C
                            (rising edge-triggered cell FDRE clocked by clk_pl_0  {rise@0.000ns fall@5.000ns period=10.000ns})
  Destination:            gpio_io_o_0[2]
                            (output port)
  Path Group:             (none)
  Path Type:              Max at Slow Process Corner
  Data Path Delay:        3.560ns  (logic 2.701ns (75.868%)  route 0.859ns (24.132%))
  Logic Levels:           1  (OBUF=1)
  Clock Uncertainty:      0.174ns  ((TSJ^2 + DJ^2)^1/2) / 2 + PE
    Total System Jitter     (TSJ):    0.050ns
    Discrete Jitter          (DJ):    0.344ns
    Phase Error              (PE):    0.000ns
  Clock Net Delay (Source):      1.762ns (routing 0.846ns, distribution 0.916ns)

    Location             Delay type                Incr(ns)  Path(ns)    Netlist Resource(s)
  -------------------------------------------------------------------    -------------------
                         (clock clk_pl_0 rise edge)
                                                      0.000     0.000 r  
    PS8_X0Y0             PS8                          0.000     0.000 r  rgb_bd_i/zynq_ultra_ps_e_0/inst/PS8_i/PLCLK[0]
                         net (fo=1, routed)           0.178     0.178    rgb_bd_i/zynq_ultra_ps_e_0/inst/pl_clk_unbuffered[0]
    BUFG_PS_X0Y58        BUFG_PS (Prop_BUFG_PS_I_O)
                                                      0.029     0.207 r  rgb_bd_i/zynq_ultra_ps_e_0/inst/buffer_pl_clk_0.PL_CLK_0_BUFG/O
    X0Y0 (CLOCK_ROOT)    net (fo=728, routed)         1.762     1.969    rgb_bd_i/gpio_io_o/U0/gpio_core_1/s_axi_aclk
    SLICE_X2Y47          FDRE                                         r  rgb_bd_i/gpio_io_o/U0/gpio_core_1/Not_Dual.gpio_Data_Out_reg[3]_lopt_replica/C
  -------------------------------------------------------------------    -------------------
    SLICE_X2Y47          FDRE (Prop_BFF2_SLICEL_C_Q)
                                                      0.098     2.067 r  rgb_bd_i/gpio_io_o/U0/gpio_core_1/Not_Dual.gpio_Data_Out_reg[3]_lopt_replica/Q
                         net (fo=1, routed)           0.859     2.926    lopt_2
    B5                   OBUF (Prop_OUTBUF_HDIOB_S_I_O)
                                                      2.603     5.528 r  gpio_io_o_0_OBUF[2]_inst/O
                         net (fo=0)                   0.000     5.528    gpio_io_o_0[2]
    B5                                                                r  gpio_io_o_0[2] (OUT)
  -------------------------------------------------------------------    -------------------

Slack:                    inf
  Source:                 rgb_bd_i/gpio_io_o/U0/gpio_core_1/Not_Dual.gpio_Data_Out_reg[5]_lopt_replica/C
                            (rising edge-triggered cell FDRE clocked by clk_pl_0  {rise@0.000ns fall@5.000ns period=10.000ns})
  Destination:            gpio_io_o_0[0]
                            (output port)
  Path Group:             (none)
  Path Type:              Max at Slow Process Corner
  Data Path Delay:        3.482ns  (logic 2.711ns (77.860%)  route 0.771ns (22.140%))
  Logic Levels:           1  (OBUF=1)
  Clock Uncertainty:      0.174ns  ((TSJ^2 + DJ^2)^1/2) / 2 + PE
    Total System Jitter     (TSJ):    0.050ns
    Discrete Jitter          (DJ):    0.344ns
    Phase Error              (PE):    0.000ns
  Clock Net Delay (Source):      1.776ns (routing 0.846ns, distribution 0.930ns)

    Location             Delay type                Incr(ns)  Path(ns)    Netlist Resource(s)
  -------------------------------------------------------------------    -------------------
                         (clock clk_pl_0 rise edge)
                                                      0.000     0.000 r  
    PS8_X0Y0             PS8                          0.000     0.000 r  rgb_bd_i/zynq_ultra_ps_e_0/inst/PS8_i/PLCLK[0]
                         net (fo=1, routed)           0.178     0.178    rgb_bd_i/zynq_ultra_ps_e_0/inst/pl_clk_unbuffered[0]
    BUFG_PS_X0Y58        BUFG_PS (Prop_BUFG_PS_I_O)
                                                      0.029     0.207 r  rgb_bd_i/zynq_ultra_ps_e_0/inst/buffer_pl_clk_0.PL_CLK_0_BUFG/O
    X0Y0 (CLOCK_ROOT)    net (fo=728, routed)         1.776     1.983    rgb_bd_i/gpio_io_o/U0/gpio_core_1/s_axi_aclk
    SLICE_X2Y46          FDRE                                         r  rgb_bd_i/gpio_io_o/U0/gpio_core_1/Not_Dual.gpio_Data_Out_reg[5]_lopt_replica/C
  -------------------------------------------------------------------    -------------------
    SLICE_X2Y46          FDRE (Prop_EFF_SLICEL_C_Q)
                                                      0.096     2.079 r  rgb_bd_i/gpio_io_o/U0/gpio_core_1/Not_Dual.gpio_Data_Out_reg[5]_lopt_replica/Q
                         net (fo=1, routed)           0.771     2.850    lopt
    A7                   OBUF (Prop_OUTBUF_HDIOB_S_I_O)
                                                      2.615     5.466 r  gpio_io_o_0_OBUF[0]_inst/O
                         net (fo=0)                   0.000     5.466    gpio_io_o_0[0]
    A7                                                                r  gpio_io_o_0[0] (OUT)
  -------------------------------------------------------------------    -------------------

Slack:                    inf
  Source:                 rgb_bd_i/gpio_io_o/U0/gpio_core_1/Not_Dual.gpio_Data_Out_reg[2]_lopt_replica/C
                            (rising edge-triggered cell FDRE clocked by clk_pl_0  {rise@0.000ns fall@5.000ns period=10.000ns})
  Destination:            gpio_io_o_0[3]
                            (output port)
  Path Group:             (none)
  Path Type:              Max at Slow Process Corner
  Data Path Delay:        3.319ns  (logic 1.039ns (31.309%)  route 2.280ns (68.691%))
  Logic Levels:           1  (OBUF=1)
  Clock Uncertainty:      0.174ns  ((TSJ^2 + DJ^2)^1/2) / 2 + PE
    Total System Jitter     (TSJ):    0.050ns
    Discrete Jitter          (DJ):    0.344ns
    Phase Error              (PE):    0.000ns
  Clock Net Delay (Source):      1.778ns (routing 0.846ns, distribution 0.932ns)

    Location             Delay type                Incr(ns)  Path(ns)    Netlist Resource(s)
  -------------------------------------------------------------------    -------------------
                         (clock clk_pl_0 rise edge)
                                                      0.000     0.000 r  
    PS8_X0Y0             PS8                          0.000     0.000 r  rgb_bd_i/zynq_ultra_ps_e_0/inst/PS8_i/PLCLK[0]
                         net (fo=1, routed)           0.178     0.178    rgb_bd_i/zynq_ultra_ps_e_0/inst/pl_clk_unbuffered[0]
    BUFG_PS_X0Y58        BUFG_PS (Prop_BUFG_PS_I_O)
                                                      0.029     0.207 r  rgb_bd_i/zynq_ultra_ps_e_0/inst/buffer_pl_clk_0.PL_CLK_0_BUFG/O
    X0Y0 (CLOCK_ROOT)    net (fo=728, routed)         1.778     1.985    rgb_bd_i/gpio_io_o/U0/gpio_core_1/s_axi_aclk
    SLICE_X1Y46          FDRE                                         r  rgb_bd_i/gpio_io_o/U0/gpio_core_1/Not_Dual.gpio_Data_Out_reg[2]_lopt_replica/C
  -------------------------------------------------------------------    -------------------
    SLICE_X1Y46          FDRE (Prop_BFF2_SLICEM_C_Q)
                                                      0.097     2.082 r  rgb_bd_i/gpio_io_o/U0/gpio_core_1/Not_Dual.gpio_Data_Out_reg[2]_lopt_replica/Q
                         net (fo=1, routed)           2.280     4.362    lopt_3
    B4                   OBUF (Prop_OUTBUF_HPIOB_SNGL_I_O)
                                                      0.942     5.305 r  gpio_io_o_0_OBUF[3]_inst/O
                         net (fo=0)                   0.000     5.305    gpio_io_o_0[3]
    B4                                                                r  gpio_io_o_0[3] (OUT)
  -------------------------------------------------------------------    -------------------

Slack:                    inf
  Source:                 rgb_bd_i/gpio_io_o/U0/gpio_core_1/Not_Dual.gpio_Data_Out_reg[0]_lopt_replica/C
                            (rising edge-triggered cell FDRE clocked by clk_pl_0  {rise@0.000ns fall@5.000ns period=10.000ns})
  Destination:            gpio_io_o_0[5]
                            (output port)
  Path Group:             (none)
  Path Type:              Max at Slow Process Corner
  Data Path Delay:        3.143ns  (logic 1.037ns (32.994%)  route 2.106ns (67.006%))
  Logic Levels:           1  (OBUF=1)
  Clock Uncertainty:      0.174ns  ((TSJ^2 + DJ^2)^1/2) / 2 + PE
    Total System Jitter     (TSJ):    0.050ns
    Discrete Jitter          (DJ):    0.344ns
    Phase Error              (PE):    0.000ns
  Clock Net Delay (Source):      1.778ns (routing 0.846ns, distribution 0.932ns)

    Location             Delay type                Incr(ns)  Path(ns)    Netlist Resource(s)
  -------------------------------------------------------------------    -------------------
                         (clock clk_pl_0 rise edge)
                                                      0.000     0.000 r  
    PS8_X0Y0             PS8                          0.000     0.000 r  rgb_bd_i/zynq_ultra_ps_e_0/inst/PS8_i/PLCLK[0]
                         net (fo=1, routed)           0.178     0.178    rgb_bd_i/zynq_ultra_ps_e_0/inst/pl_clk_unbuffered[0]
    BUFG_PS_X0Y58        BUFG_PS (Prop_BUFG_PS_I_O)
                                                      0.029     0.207 r  rgb_bd_i/zynq_ultra_ps_e_0/inst/buffer_pl_clk_0.PL_CLK_0_BUFG/O
    X0Y0 (CLOCK_ROOT)    net (fo=728, routed)         1.778     1.985    rgb_bd_i/gpio_io_o/U0/gpio_core_1/s_axi_aclk
    SLICE_X1Y46          FDRE                                         r  rgb_bd_i/gpio_io_o/U0/gpio_core_1/Not_Dual.gpio_Data_Out_reg[0]_lopt_replica/C
  -------------------------------------------------------------------    -------------------
    SLICE_X1Y46          FDRE (Prop_AFF2_SLICEM_C_Q)
                                                      0.097     2.082 r  rgb_bd_i/gpio_io_o/U0/gpio_core_1/Not_Dual.gpio_Data_Out_reg[0]_lopt_replica/Q
                         net (fo=1, routed)           2.106     4.188    lopt_5
    F4                   OBUF (Prop_OUTBUF_HPIOB_SNGL_I_O)
                                                      0.940     5.128 r  gpio_io_o_0_OBUF[5]_inst/O
                         net (fo=0)                   0.000     5.128    gpio_io_o_0[5]
    F4                                                                r  gpio_io_o_0[5] (OUT)
  -------------------------------------------------------------------    -------------------





Min Delay Paths
--------------------------------------------------------------------------------------
Slack:                    inf
  Source:                 rgb_bd_i/gpio_io_o/U0/gpio_core_1/Not_Dual.gpio_Data_Out_reg[0]_lopt_replica/C
                            (rising edge-triggered cell FDRE clocked by clk_pl_0  {rise@0.000ns fall@5.000ns period=10.000ns})
  Destination:            gpio_io_o_0[5]
                            (output port)
  Path Group:             (none)
  Path Type:              Min at Fast Process Corner
  Data Path Delay:        1.320ns  (logic 0.405ns (30.692%)  route 0.915ns (69.308%))
  Logic Levels:           1  (OBUF=1)
  Clock Uncertainty:      0.174ns  ((TSJ^2 + DJ^2)^1/2) / 2 + PE
    Total System Jitter     (TSJ):    0.050ns
    Discrete Jitter          (DJ):    0.344ns
    Phase Error              (PE):    0.000ns
  Clock Net Delay (Source):      0.896ns (routing 0.432ns, distribution 0.464ns)

    Location             Delay type                Incr(ns)  Path(ns)    Netlist Resource(s)
  -------------------------------------------------------------------    -------------------
                         (clock clk_pl_0 rise edge)
                                                      0.000     0.000 r  
    PS8_X0Y0             PS8                          0.000     0.000 r  rgb_bd_i/zynq_ultra_ps_e_0/inst/PS8_i/PLCLK[0]
                         net (fo=1, routed)           0.094     0.094    rgb_bd_i/zynq_ultra_ps_e_0/inst/pl_clk_unbuffered[0]
    BUFG_PS_X0Y58        BUFG_PS (Prop_BUFG_PS_I_O)
                                                      0.017     0.111 r  rgb_bd_i/zynq_ultra_ps_e_0/inst/buffer_pl_clk_0.PL_CLK_0_BUFG/O
    X0Y0 (CLOCK_ROOT)    net (fo=728, routed)         0.896     1.007    rgb_bd_i/gpio_io_o/U0/gpio_core_1/s_axi_aclk
    SLICE_X1Y46          FDRE                                         r  rgb_bd_i/gpio_io_o/U0/gpio_core_1/Not_Dual.gpio_Data_Out_reg[0]_lopt_replica/C
  -------------------------------------------------------------------    -------------------
    SLICE_X1Y46          FDRE (Prop_AFF2_SLICEM_C_Q)
                                                      0.039     1.046 r  rgb_bd_i/gpio_io_o/U0/gpio_core_1/Not_Dual.gpio_Data_Out_reg[0]_lopt_replica/Q
                         net (fo=1, routed)           0.915     1.961    lopt_5
    F4                   OBUF (Prop_OUTBUF_HPIOB_SNGL_I_O)
                                                      0.366     2.327 r  gpio_io_o_0_OBUF[5]_inst/O
                         net (fo=0)                   0.000     2.327    gpio_io_o_0[5]
    F4                                                                r  gpio_io_o_0[5] (OUT)
  -------------------------------------------------------------------    -------------------

Slack:                    inf
  Source:                 rgb_bd_i/gpio_io_o/U0/gpio_core_1/Not_Dual.gpio_Data_Out_reg[2]_lopt_replica/C
                            (rising edge-triggered cell FDRE clocked by clk_pl_0  {rise@0.000ns fall@5.000ns period=10.000ns})
  Destination:            gpio_io_o_0[3]
                            (output port)
  Path Group:             (none)
  Path Type:              Min at Fast Process Corner
  Data Path Delay:        1.403ns  (logic 0.408ns (29.101%)  route 0.995ns (70.899%))
  Logic Levels:           1  (OBUF=1)
  Clock Uncertainty:      0.174ns  ((TSJ^2 + DJ^2)^1/2) / 2 + PE
    Total System Jitter     (TSJ):    0.050ns
    Discrete Jitter          (DJ):    0.344ns
    Phase Error              (PE):    0.000ns
  Clock Net Delay (Source):      0.896ns (routing 0.432ns, distribution 0.464ns)

    Location             Delay type                Incr(ns)  Path(ns)    Netlist Resource(s)
  -------------------------------------------------------------------    -------------------
                         (clock clk_pl_0 rise edge)
                                                      0.000     0.000 r  
    PS8_X0Y0             PS8                          0.000     0.000 r  rgb_bd_i/zynq_ultra_ps_e_0/inst/PS8_i/PLCLK[0]
                         net (fo=1, routed)           0.094     0.094    rgb_bd_i/zynq_ultra_ps_e_0/inst/pl_clk_unbuffered[0]
    BUFG_PS_X0Y58        BUFG_PS (Prop_BUFG_PS_I_O)
                                                      0.017     0.111 r  rgb_bd_i/zynq_ultra_ps_e_0/inst/buffer_pl_clk_0.PL_CLK_0_BUFG/O
    X0Y0 (CLOCK_ROOT)    net (fo=728, routed)         0.896     1.007    rgb_bd_i/gpio_io_o/U0/gpio_core_1/s_axi_aclk
    SLICE_X1Y46          FDRE                                         r  rgb_bd_i/gpio_io_o/U0/gpio_core_1/Not_Dual.gpio_Data_Out_reg[2]_lopt_replica/C
  -------------------------------------------------------------------    -------------------
    SLICE_X1Y46          FDRE (Prop_BFF2_SLICEM_C_Q)
                                                      0.040     1.047 r  rgb_bd_i/gpio_io_o/U0/gpio_core_1/Not_Dual.gpio_Data_Out_reg[2]_lopt_replica/Q
                         net (fo=1, routed)           0.995     2.042    lopt_3
    B4                   OBUF (Prop_OUTBUF_HPIOB_SNGL_I_O)
                                                      0.368     2.410 r  gpio_io_o_0_OBUF[3]_inst/O
                         net (fo=0)                   0.000     2.410    gpio_io_o_0[3]
    B4                                                                r  gpio_io_o_0[3] (OUT)
  -------------------------------------------------------------------    -------------------

Slack:                    inf
  Source:                 rgb_bd_i/gpio_io_o/U0/gpio_core_1/Not_Dual.gpio_Data_Out_reg[5]_lopt_replica/C
                            (rising edge-triggered cell FDRE clocked by clk_pl_0  {rise@0.000ns fall@5.000ns period=10.000ns})
  Destination:            gpio_io_o_0[0]
                            (output port)
  Path Group:             (none)
  Path Type:              Min at Fast Process Corner
  Data Path Delay:        1.509ns  (logic 1.189ns (78.799%)  route 0.320ns (21.201%))
  Logic Levels:           1  (OBUF=1)
  Clock Uncertainty:      0.174ns  ((TSJ^2 + DJ^2)^1/2) / 2 + PE
    Total System Jitter     (TSJ):    0.050ns
    Discrete Jitter          (DJ):    0.344ns
    Phase Error              (PE):    0.000ns
  Clock Net Delay (Source):      0.896ns (routing 0.432ns, distribution 0.464ns)

    Location             Delay type                Incr(ns)  Path(ns)    Netlist Resource(s)
  -------------------------------------------------------------------    -------------------
                         (clock clk_pl_0 rise edge)
                                                      0.000     0.000 r  
    PS8_X0Y0             PS8                          0.000     0.000 r  rgb_bd_i/zynq_ultra_ps_e_0/inst/PS8_i/PLCLK[0]
                         net (fo=1, routed)           0.094     0.094    rgb_bd_i/zynq_ultra_ps_e_0/inst/pl_clk_unbuffered[0]
    BUFG_PS_X0Y58        BUFG_PS (Prop_BUFG_PS_I_O)
                                                      0.017     0.111 r  rgb_bd_i/zynq_ultra_ps_e_0/inst/buffer_pl_clk_0.PL_CLK_0_BUFG/O
    X0Y0 (CLOCK_ROOT)    net (fo=728, routed)         0.896     1.007    rgb_bd_i/gpio_io_o/U0/gpio_core_1/s_axi_aclk
    SLICE_X2Y46          FDRE                                         r  rgb_bd_i/gpio_io_o/U0/gpio_core_1/Not_Dual.gpio_Data_Out_reg[5]_lopt_replica/C
  -------------------------------------------------------------------    -------------------
    SLICE_X2Y46          FDRE (Prop_EFF_SLICEL_C_Q)
                                                      0.039     1.046 r  rgb_bd_i/gpio_io_o/U0/gpio_core_1/Not_Dual.gpio_Data_Out_reg[5]_lopt_replica/Q
                         net (fo=1, routed)           0.320     1.366    lopt
    A7                   OBUF (Prop_OUTBUF_HDIOB_S_I_O)
                                                      1.150     2.516 r  gpio_io_o_0_OBUF[0]_inst/O
                         net (fo=0)                   0.000     2.516    gpio_io_o_0[0]
    A7                                                                r  gpio_io_o_0[0] (OUT)
  -------------------------------------------------------------------    -------------------

Slack:                    inf
  Source:                 rgb_bd_i/gpio_io_o/U0/gpio_core_1/Not_Dual.gpio_Data_Out_reg[3]_lopt_replica/C
                            (rising edge-triggered cell FDRE clocked by clk_pl_0  {rise@0.000ns fall@5.000ns period=10.000ns})
  Destination:            gpio_io_o_0[2]
                            (output port)
  Path Group:             (none)
  Path Type:              Min at Fast Process Corner
  Data Path Delay:        1.535ns  (logic 1.178ns (76.738%)  route 0.357ns (23.262%))
  Logic Levels:           1  (OBUF=1)
  Clock Uncertainty:      0.174ns  ((TSJ^2 + DJ^2)^1/2) / 2 + PE
    Total System Jitter     (TSJ):    0.050ns
    Discrete Jitter          (DJ):    0.344ns
    Phase Error              (PE):    0.000ns
  Clock Net Delay (Source):      0.890ns (routing 0.432ns, distribution 0.458ns)

    Location             Delay type                Incr(ns)  Path(ns)    Netlist Resource(s)
  -------------------------------------------------------------------    -------------------
                         (clock clk_pl_0 rise edge)
                                                      0.000     0.000 r  
    PS8_X0Y0             PS8                          0.000     0.000 r  rgb_bd_i/zynq_ultra_ps_e_0/inst/PS8_i/PLCLK[0]
                         net (fo=1, routed)           0.094     0.094    rgb_bd_i/zynq_ultra_ps_e_0/inst/pl_clk_unbuffered[0]
    BUFG_PS_X0Y58        BUFG_PS (Prop_BUFG_PS_I_O)
                                                      0.017     0.111 r  rgb_bd_i/zynq_ultra_ps_e_0/inst/buffer_pl_clk_0.PL_CLK_0_BUFG/O
    X0Y0 (CLOCK_ROOT)    net (fo=728, routed)         0.890     1.001    rgb_bd_i/gpio_io_o/U0/gpio_core_1/s_axi_aclk
    SLICE_X2Y47          FDRE                                         r  rgb_bd_i/gpio_io_o/U0/gpio_core_1/Not_Dual.gpio_Data_Out_reg[3]_lopt_replica/C
  -------------------------------------------------------------------    -------------------
    SLICE_X2Y47          FDRE (Prop_BFF2_SLICEL_C_Q)
                                                      0.040     1.041 r  rgb_bd_i/gpio_io_o/U0/gpio_core_1/Not_Dual.gpio_Data_Out_reg[3]_lopt_replica/Q
                         net (fo=1, routed)           0.357     1.398    lopt_2
    B5                   OBUF (Prop_OUTBUF_HDIOB_S_I_O)
                                                      1.138     2.535 r  gpio_io_o_0_OBUF[2]_inst/O
                         net (fo=0)                   0.000     2.535    gpio_io_o_0[2]
    B5                                                                r  gpio_io_o_0[2] (OUT)
  -------------------------------------------------------------------    -------------------

Slack:                    inf
  Source:                 rgb_bd_i/gpio_io_o/U0/gpio_core_1/Not_Dual.gpio_Data_Out_reg[1]_lopt_replica/C
                            (rising edge-triggered cell FDRE clocked by clk_pl_0  {rise@0.000ns fall@5.000ns period=10.000ns})
  Destination:            gpio_io_o_0[4]
                            (output port)
  Path Group:             (none)
  Path Type:              Min at Fast Process Corner
  Data Path Delay:        1.562ns  (logic 0.406ns (25.989%)  route 1.156ns (74.011%))
  Logic Levels:           1  (OBUF=1)
  Clock Uncertainty:      0.174ns  ((TSJ^2 + DJ^2)^1/2) / 2 + PE
    Total System Jitter     (TSJ):    0.050ns
    Discrete Jitter          (DJ):    0.344ns
    Phase Error              (PE):    0.000ns
  Clock Net Delay (Source):      0.890ns (routing 0.432ns, distribution 0.458ns)

    Location             Delay type                Incr(ns)  Path(ns)    Netlist Resource(s)
  -------------------------------------------------------------------    -------------------
                         (clock clk_pl_0 rise edge)
                                                      0.000     0.000 r  
    PS8_X0Y0             PS8                          0.000     0.000 r  rgb_bd_i/zynq_ultra_ps_e_0/inst/PS8_i/PLCLK[0]
                         net (fo=1, routed)           0.094     0.094    rgb_bd_i/zynq_ultra_ps_e_0/inst/pl_clk_unbuffered[0]
    BUFG_PS_X0Y58        BUFG_PS (Prop_BUFG_PS_I_O)
                                                      0.017     0.111 r  rgb_bd_i/zynq_ultra_ps_e_0/inst/buffer_pl_clk_0.PL_CLK_0_BUFG/O
    X0Y0 (CLOCK_ROOT)    net (fo=728, routed)         0.890     1.001    rgb_bd_i/gpio_io_o/U0/gpio_core_1/s_axi_aclk
    SLICE_X2Y47          FDRE                                         r  rgb_bd_i/gpio_io_o/U0/gpio_core_1/Not_Dual.gpio_Data_Out_reg[1]_lopt_replica/C
  -------------------------------------------------------------------    -------------------
    SLICE_X2Y47          FDRE (Prop_AFF2_SLICEL_C_Q)
                                                      0.040     1.041 r  rgb_bd_i/gpio_io_o/U0/gpio_core_1/Not_Dual.gpio_Data_Out_reg[1]_lopt_replica/Q
                         net (fo=1, routed)           1.156     2.197    lopt_4
    A2                   OBUF (Prop_OUTBUF_HPIOB_SNGL_I_O)
                                                      0.366     2.562 r  gpio_io_o_0_OBUF[4]_inst/O
                         net (fo=0)                   0.000     2.562    gpio_io_o_0[4]
    A2                                                                r  gpio_io_o_0[4] (OUT)
  -------------------------------------------------------------------    -------------------

Slack:                    inf
  Source:                 rgb_bd_i/gpio_io_o/U0/gpio_core_1/Not_Dual.gpio_Data_Out_reg[4]_lopt_replica/C
                            (rising edge-triggered cell FDRE clocked by clk_pl_0  {rise@0.000ns fall@5.000ns period=10.000ns})
  Destination:            gpio_io_o_0[1]
                            (output port)
  Path Group:             (none)
  Path Type:              Min at Fast Process Corner
  Data Path Delay:        1.621ns  (logic 1.177ns (72.611%)  route 0.444ns (27.389%))
  Logic Levels:           1  (OBUF=1)
  Clock Uncertainty:      0.174ns  ((TSJ^2 + DJ^2)^1/2) / 2 + PE
    Total System Jitter     (TSJ):    0.050ns
    Discrete Jitter          (DJ):    0.344ns
    Phase Error              (PE):    0.000ns
  Clock Net Delay (Source):      0.890ns (routing 0.432ns, distribution 0.458ns)

    Location             Delay type                Incr(ns)  Path(ns)    Netlist Resource(s)
  -------------------------------------------------------------------    -------------------
                         (clock clk_pl_0 rise edge)
                                                      0.000     0.000 r  
    PS8_X0Y0             PS8                          0.000     0.000 r  rgb_bd_i/zynq_ultra_ps_e_0/inst/PS8_i/PLCLK[0]
                         net (fo=1, routed)           0.094     0.094    rgb_bd_i/zynq_ultra_ps_e_0/inst/pl_clk_unbuffered[0]
    BUFG_PS_X0Y58        BUFG_PS (Prop_BUFG_PS_I_O)
                                                      0.017     0.111 r  rgb_bd_i/zynq_ultra_ps_e_0/inst/buffer_pl_clk_0.PL_CLK_0_BUFG/O
    X0Y0 (CLOCK_ROOT)    net (fo=728, routed)         0.890     1.001    rgb_bd_i/gpio_io_o/U0/gpio_core_1/s_axi_aclk
    SLICE_X2Y47          FDRE                                         r  rgb_bd_i/gpio_io_o/U0/gpio_core_1/Not_Dual.gpio_Data_Out_reg[4]_lopt_replica/C
  -------------------------------------------------------------------    -------------------
    SLICE_X2Y47          FDRE (Prop_CFF2_SLICEL_C_Q)
                                                      0.040     1.041 r  rgb_bd_i/gpio_io_o/U0/gpio_core_1/Not_Dual.gpio_Data_Out_reg[4]_lopt_replica/Q
                         net (fo=1, routed)           0.444     1.485    lopt_1
    B6                   OBUF (Prop_OUTBUF_HDIOB_M_I_O)
                                                      1.137     2.622 r  gpio_io_o_0_OBUF[1]_inst/O
                         net (fo=0)                   0.000     2.622    gpio_io_o_0[1]
    B6                                                                r  gpio_io_o_0[1] (OUT)
  -------------------------------------------------------------------    -------------------





